-- phpMyAdmin SQL Dump
-- version 5.2.1
-- https://www.phpmyadmin.net/
--
-- Host: 127.0.0.1:3306
-- Generation Time: Nov 16, 2024 at 02:02 AM
-- Server version: 10.11.9-MariaDB
-- PHP Version: 7.2.34

SET SQL_MODE = "NO_AUTO_VALUE_ON_ZERO";
START TRANSACTION;
SET time_zone = "+00:00";


/*!40101 SET @OLD_CHARACTER_SET_CLIENT=@@CHARACTER_SET_CLIENT */;
/*!40101 SET @OLD_CHARACTER_SET_RESULTS=@@CHARACTER_SET_RESULTS */;
/*!40101 SET @OLD_COLLATION_CONNECTION=@@COLLATION_CONNECTION */;
/*!40101 SET NAMES utf8mb4 */;

--
-- Database: `u451362665_fxcrypterio`
--

-- --------------------------------------------------------

--
-- Table structure for table `admins`
--

CREATE TABLE `admins` (
  `id` bigint(20) UNSIGNED NOT NULL,
  `name` varchar(255) NOT NULL,
  `email` varchar(255) NOT NULL,
  `password` varchar(255) NOT NULL,
  `role` varchar(255) NOT NULL DEFAULT '0',
  `photo` varchar(255) NOT NULL DEFAULT 'user.png',
  `created_at` timestamp NULL DEFAULT NULL,
  `updated_at` timestamp NULL DEFAULT NULL
) ENGINE=InnoDB DEFAULT CHARSET=utf8mb4 COLLATE=utf8mb4_unicode_ci;

--
-- Dumping data for table `admins`
--

INSERT INTO `admins` (`id`, `name`, `email`, `password`, `role`, `photo`, `created_at`, `updated_at`) VALUES
(1, 'Admin', 'support@fxcrypterio.org', '$2y$10$G.2xmjc1I67FXW4bLXZVee0Q92KtMZerVK96cZ6FfwIrKow3Ysx/a', '0', 'user.png', '2024-01-03 17:14:53', '2024-04-09 03:05:25');

-- --------------------------------------------------------

--
-- Table structure for table `auto_wallets`
--

CREATE TABLE `auto_wallets` (
  `id` bigint(20) UNSIGNED NOT NULL,
  `user_id` bigint(20) UNSIGNED NOT NULL,
  `deposit_coin_id` bigint(20) UNSIGNED NOT NULL,
  `wallet_address` varchar(255) NOT NULL,
  `whitelisted` varchar(255) NOT NULL DEFAULT '0',
  `c_id` varchar(255) NOT NULL,
  `created_at` timestamp NULL DEFAULT NULL,
  `updated_at` timestamp NULL DEFAULT NULL
) ENGINE=InnoDB DEFAULT CHARSET=utf8mb4 COLLATE=utf8mb4_unicode_ci;

-- --------------------------------------------------------

--
-- Table structure for table `bots`
--

CREATE TABLE `bots` (
  `id` bigint(20) UNSIGNED NOT NULL,
  `name` varchar(255) NOT NULL,
  `daily_min` varchar(255) NOT NULL,
  `daily_max` varchar(255) NOT NULL,
  `min` varchar(255) NOT NULL,
  `max` varchar(255) NOT NULL,
  `status` varchar(255) NOT NULL,
  `duration` varchar(255) NOT NULL,
  `duration_type` varchar(255) NOT NULL,
  `logo` varchar(255) NOT NULL,
  `created_at` timestamp NULL DEFAULT NULL,
  `updated_at` timestamp NULL DEFAULT NULL
) ENGINE=InnoDB DEFAULT CHARSET=utf8mb4 COLLATE=utf8mb4_unicode_ci;

--
-- Dumping data for table `bots`
--

INSERT INTO `bots` (`id`, `name`, `daily_min`, `daily_max`, `min`, `max`, `status`, `duration`, `duration_type`, `logo`, `created_at`, `updated_at`) VALUES
(1, 'Starter Plan', '1', '9.2', '500', '4999', '1', '3', 'days', 'rjbyIf9NhIwwtxbVpBMtzWHp1JUAPYTronKt8dBF.png', '2024-01-04 05:38:54', '2024-06-22 18:04:01'),
(2, 'Silver Plan', '1', '9.3', '5000', '9999', '1', '3', 'days', 'dpGDFBA2WX1T8wefALs74hUqaJpB69uUFXyugfUZ.png', '2024-01-09 02:35:56', '2024-06-22 18:04:20'),
(3, 'Gold Plan', '1', '2.6', '10000', '49999', '1', '5', 'days', 'Hgsvbbiax7LEanwl0oy792oPcgCwivwWkbCs6fnJ.png', '2024-01-09 02:36:52', '2024-06-22 21:46:24'),
(4, 'Ultimate Plan', '1', '9.1', '50000', '100000000', '1', '7', 'days', 'wULa6vWbHty9LvCx5p4H1qWzrCnjBZTHMxKeptOh.png', '2024-03-13 04:17:54', '2024-06-22 18:04:43');

-- --------------------------------------------------------

--
-- Table structure for table `bot_activations`
--

CREATE TABLE `bot_activations` (
  `id` bigint(20) UNSIGNED NOT NULL,
  `user_id` bigint(20) UNSIGNED NOT NULL,
  `bot_id` bigint(20) UNSIGNED NOT NULL,
  `capital` varchar(255) NOT NULL,
  `balance` varchar(255) NOT NULL,
  `profit` varchar(255) NOT NULL,
  `expires_in` varchar(255) NOT NULL,
  `gen_timestamps` longtext NOT NULL,
  `daily_sequence` longtext NOT NULL,
  `daily_timestamp` varchar(255) NOT NULL,
  `daily_profit` varchar(255) NOT NULL DEFAULT '0',
  `status` varchar(255) NOT NULL,
  `created_at` timestamp NULL DEFAULT NULL,
  `updated_at` timestamp NULL DEFAULT NULL,
  `next_trade` varchar(255) DEFAULT NULL
) ENGINE=InnoDB DEFAULT CHARSET=utf8mb4 COLLATE=utf8mb4_unicode_ci;

--
-- Dumping data for table `bot_activations`
--

INSERT INTO `bot_activations` (`id`, `user_id`, `bot_id`, `capital`, `balance`, `profit`, `expires_in`, `gen_timestamps`, `daily_sequence`, `daily_timestamp`, `daily_profit`, `status`, `created_at`, `updated_at`, `next_trade`) VALUES
(9, 14, 4, '500000', '0', '150950', '1719682404', '[1731715291,1731735401,1731742867,1731744221,1731754631,1731756318,1731763075,1731788947,1731795812,1731798344]', '[24.11,2.88,-4.5,1.69,2.01,-0.77,-3.87,-1.78,-6.58,-6.06]', '1731715204', '0', 'expired', '2024-06-22 17:33:24', '2024-11-16 00:00:04', '1731715291'),
(10, 14, 3, '30000', '0', '3843', '1719509660', '[1731716431,1731721061,1731746347,1731760934,1731763153,1731786144,1731797693]', '[-0.33,1.44,-0.29,0.61,0.08,-0.83,0.85]', '1731715204', '0', 'expired', '2024-06-22 17:34:20', '2024-11-16 00:00:04', '1731716431'),
(11, 14, 4, '370000', '0', '121175', '1719682607', '[1731719993,1731720932,1731738997,1731758518,1731767427,1731767928,1731783999,1731797971]', '[2.58,-1.38,5.26,-0.98,-5.12,2.52,4.19,-0.36999999999999966]', '1731715204', '0', 'expired', '2024-06-22 17:36:47', '2024-11-16 00:00:04', '1731719993'),
(12, 16, 4, '650000', '0', '174070', '1722605863', '[1731716676,1731728084,1731734647,1731736059,1731767052,1731767493,1731785713,1731791780,1731799806]', '[-0.05,0.43,-2.3,-4.12,-3.29,13.86,-1.16,1.07,1.96]', '1731715204', '-5005', 'expired', '2024-07-26 13:37:43', '2024-11-16 00:00:04', '1731716676'),
(13, 16, 1, '500', '0', '98.8', '1722342104', '[1731740451,1731741185,1731743768,1731751420,1731762122,1731771191,1731786113]', '[-1.73,24.499999999999996,-5.87,-1.24,-5.88,-2.77,0.06]', '1731715204', '0', 'expired', '2024-07-27 12:21:44', '2024-11-16 00:00:04', '1731740451'),
(14, 14, 4, '50000', '0', '23305', '1728968348', '[1731715629,1731724494,1731731308,1731739342,1731744497,1731748522,1731752759,1731786938,1731796957]', '[3.02,-0.07,-4.45,16.4,-0.5,-1.53,-4.43,-3.94,0.4]', '1731715204', '0', 'expired', '2024-10-08 04:59:08', '2024-11-16 00:00:04', '1731715629');

-- --------------------------------------------------------

--
-- Table structure for table `bot_histories`
--

CREATE TABLE `bot_histories` (
  `id` bigint(20) UNSIGNED NOT NULL,
  `user_id` bigint(20) UNSIGNED NOT NULL,
  `bot_id` bigint(20) UNSIGNED NOT NULL,
  `bot_activation_id` bigint(20) UNSIGNED NOT NULL,
  `capital` varchar(255) DEFAULT NULL,
  `pair` varchar(255) NOT NULL,
  `entry_price` varchar(255) NOT NULL,
  `exit_price` varchar(255) NOT NULL,
  `profit` varchar(255) NOT NULL,
  `profit_percent` varchar(255) DEFAULT NULL,
  `timestamp` varchar(255) NOT NULL,
  `created_at` timestamp NULL DEFAULT NULL,
  `updated_at` timestamp NULL DEFAULT NULL
) ENGINE=InnoDB DEFAULT CHARSET=utf8mb4 COLLATE=utf8mb4_unicode_ci;

--
-- Dumping data for table `bot_histories`
--

INSERT INTO `bot_histories` (`id`, `user_id`, `bot_id`, `bot_activation_id`, `capital`, `pair`, `entry_price`, `exit_price`, `profit`, `profit_percent`, `timestamp`, `created_at`, `updated_at`) VALUES
(11, 14, 4, 9, '500000', 'TRACUSDT', '0.66834412', '0.69460000', '18900', '3.78', '1719087002', '2024-06-22 20:10:03', '2024-06-22 20:10:03'),
(12, 14, 4, 11, '370000', 'THETAUSDT', '1.4263128', '1.56600000', '33004', '8.92', '1719098810', '2024-06-22 23:27:03', '2024-06-22 23:27:03'),
(13, 14, 4, 9, '500000', 'STORJUSDT', '0.40432728', '0.37410000', '-40400', '-8.08', '1719099551', '2024-06-22 23:40:03', '2024-06-22 23:40:03'),
(14, 14, 4, 11, '370000', 'ONEUSDT', '0.01620283', '0.01505000', '-28342', '-7.66', '1719100687', '2024-06-22 23:59:03', '2024-06-22 23:59:03'),
(15, 14, 4, 11, '370000', 'VOXELUSDT', '0.19518506', '0.19540000', '407', '0.11', '1719109632', '2024-06-23 02:28:03', '2024-06-23 02:28:03'),
(16, 14, 4, 11, '370000', 'ADXUSDT', '0.17510977', '0.16810000', '-15429', '-4.17', '1719111874', '2024-06-23 03:05:03', '2024-06-23 03:05:03'),
(17, 14, 4, 9, '500000', 'ADXUSDT', '0.16863792', '0.16810000', '-1600', '-0.32', '1719113479', '2024-06-23 03:32:03', '2024-06-23 03:32:03'),
(18, 14, 4, 11, '370000', 'LAZIOUSDT', '1.46285', '1.70000000', '51615', '13.95', '1719117358', '2024-06-23 04:36:03', '2024-06-23 04:36:03'),
(19, 14, 4, 9, '500000', 'XRPUSDT', '0.49296', '0.48750000', '-5600', '-1.12', '1719122040', '2024-06-23 05:54:03', '2024-06-23 05:54:03'),
(20, 14, 3, 10, '30000', 'KNCUSDT', '0.55451806', '0.54290000', '-642', '-2.14', '1719135089', '2024-06-23 09:32:03', '2024-06-23 09:32:03'),
(21, 14, 4, 11, '370000', 'KNCUSDT', '0.56727621', '0.54290000', '-16613', '-4.49', '1719135363', '2024-06-23 09:37:03', '2024-06-23 09:37:03'),
(22, 14, 3, 10, '30000', 'NMRUSDT', '18.893668', '18.74000000', '-246', '-0.82', '1719138454', '2024-06-23 10:28:03', '2024-06-23 10:28:03'),
(23, 14, 4, 11, '370000', 'SANDUSDT', '0.33755904', '0.33120000', '-7104', '-1.92', '1719141409', '2024-06-23 11:17:03', '2024-06-23 11:17:03'),
(24, 14, 3, 10, '30000', 'OPUSDT', '1.8323418', '1.79800000', '-573', '-1.91', '1719141855', '2024-06-23 11:25:03', '2024-06-23 11:25:03'),
(25, 14, 3, 10, '30000', 'SNXUSDT', '1.9153124', '2.03800000', '1806', '6.02', '1719142054', '2024-06-23 11:28:03', '2024-06-23 11:28:03'),
(26, 14, 4, 11, '370000', 'SNXUSDT', '1.9446596', '2.03800000', '16946', '4.58', '1719144657', '2024-06-23 12:11:03', '2024-06-23 12:11:03'),
(27, 14, 4, 9, '500000', 'SUSHIUSDT', '0.8009053', '0.79700000', '-2450', '-0.49', '1719150481', '2024-06-23 13:48:03', '2024-06-23 13:48:03'),
(28, 14, 3, 10, '30000', 'ZECUSDT', '20.21641', '19.90000000', '-477', '-1.59', '1719151069', '2024-06-23 13:58:03', '2024-06-23 13:58:03'),
(29, 14, 4, 9, '500000', 'BONDUSDT', '3.522216', '3.44000000', '-11950', '-2.39', '1719154034', '2024-06-23 14:48:03', '2024-06-23 14:48:03'),
(30, 14, 3, 10, '30000', 'BNBUSDT', '590.75874', '584.10000000', '-342', '-1.14', '1719155245', '2024-06-23 15:08:03', '2024-06-23 15:08:03'),
(31, 14, 3, 10, '30000', 'RLCUSDT', '2.102196', '2.09800000', '-60', '-0.2', '1719162488', '2024-06-23 17:09:03', '2024-06-23 17:09:03'),
(32, 14, 4, 11, '370000', 'LDOUSDT', '2.2056336', '2.13600000', '-12062', '-3.26', '1719166517', '2024-06-23 18:16:03', '2024-06-23 18:16:03'),
(33, 14, 4, 9, '500000', 'QTUMUSDT', '2.5002065', '2.56300000', '12250', '2.45', '1719168943', '2024-06-23 18:56:03', '2024-06-23 18:56:03'),
(34, 14, 4, 9, '500000', 'HBARUSDT', '0.07851585', '0.07770000', '-5250', '-1.05', '1719174556', '2024-06-23 20:30:04', '2024-06-23 20:30:04'),
(35, 14, 4, 9, '500000', 'XECUSDT', '3.2929422E-5', '0.00003243', '-7700', '-1.54', '1719175416', '2024-06-23 20:44:03', '2024-06-23 20:44:03'),
(36, 14, 3, 10, '30000', 'SKLUSDT', '0.052573032', '0.05391000', '744', '2.48', '1719177502', '2024-06-23 21:19:03', '2024-06-23 21:19:03'),
(37, 14, 3, 10, '30000', 'TFUELUSDT', '0.075595503', '0.07751000', '741', '2.47', '1719180005', '2024-06-23 22:01:03', '2024-06-23 22:01:03'),
(38, 14, 4, 9, '500000', 'BTRSTUSDT', '0.6115101', '0.61900000', '6050', '1.21', '1719180381', '2024-06-23 22:07:03', '2024-06-23 22:07:03'),
(39, 14, 4, 9, '500000', 'GLMUSDT', '0.34959595', '0.36850000', '25650', '5.13', '1719180870', '2024-06-23 22:15:03', '2024-06-23 22:15:03'),
(40, 14, 4, 9, '500000', 'API3USDT', '2.2113168', '2.31600000', '22600', '4.52', '1719181089', '2024-06-23 22:19:02', '2024-06-23 22:19:02'),
(41, 14, 3, 10, '30000', 'ATOMUSDT', '6.7572983', '6.71900000', '-171', '-0.57', '1719181528', '2024-06-23 22:26:03', '2024-06-23 22:26:03'),
(42, 14, 3, 10, '30000', 'RLCUSDT', '2.0997307', '2.08700000', '-183', '-0.61', '1719191933', '2024-06-24 01:19:03', '2024-06-24 01:19:03'),
(43, 14, 4, 9, '500000', 'COMPUSDT', '49.763076', '48.73000000', '-10600', '-2.12', '1719194436', '2024-06-24 02:01:03', '2024-06-24 02:01:03'),
(44, 14, 4, 9, '500000', 'PROMUSDT', '8.1524262', '8.01300000', '-8700', '-1.74', '1719197358', '2024-06-24 02:50:03', '2024-06-24 02:50:03'),
(45, 14, 4, 9, '500000', 'CRVUSDT', '0.351415', '0.33500000', '-24500', '-4.9', '1719198458', '2024-06-24 03:08:03', '2024-06-24 03:08:03'),
(46, 14, 4, 9, '500000', 'ONGUSDT', '0.343204', '0.35900000', '22000', '4.4', '1719199605', '2024-06-24 03:27:03', '2024-06-24 03:27:03'),
(47, 14, 3, 10, '30000', 'API3USDT', '2.2865868', '2.31600000', '381', '1.27', '1719201548', '2024-06-24 04:00:04', '2024-06-24 04:00:04'),
(48, 14, 4, 9, '500000', 'ONGUSDT', '0.3525021', '0.35900000', '9050', '1.81', '1719202222', '2024-06-24 04:11:03', '2024-06-24 04:11:03'),
(49, 14, 4, 11, '370000', 'XTZUSDT', '0.830502', '0.77400000', '-27010', '-7.3', '1719202307', '2024-06-24 04:12:03', '2024-06-24 04:12:03'),
(50, 14, 4, 9, '500000', 'API3USDT', '2.001024', '2.31600000', '68000', '13.6', '1719204096', '2024-06-24 04:42:03', '2024-06-24 04:42:03'),
(51, 14, 4, 11, '370000', 'LRCUSDT', '0.1721794', '0.17800000', '12099', '3.27', '1719205635', '2024-06-24 05:08:03', '2024-06-24 05:08:03'),
(52, 14, 3, 10, '30000', 'LRCUSDT', '0.1774126', '0.17800000', '99', '0.33', '1719206838', '2024-06-24 05:28:03', '2024-06-24 05:28:03'),
(53, 14, 4, 11, '370000', 'SANTOSUSDT', '3.1841446', '3.30100000', '13098', '3.54', '1719208420', '2024-06-24 05:54:03', '2024-06-24 05:54:03'),
(54, 14, 4, 11, '370000', 'XECUSDT', '3.13401E-5', '0.00003300', '18611', '5.03', '1719215802', '2024-06-24 07:57:03', '2024-06-24 07:57:03'),
(55, 14, 3, 10, '30000', 'OGNUSDT', '0.09384736', '0.09430000', '144', '0.48', '1719216879', '2024-06-24 08:15:04', '2024-06-24 08:15:04'),
(56, 14, 4, 9, '500000', 'KNCUSDT', '0.55578418', '0.53180000', '-22550', '-4.51', '1719223208', '2024-06-24 10:01:03', '2024-06-24 10:01:03'),
(57, 14, 4, 9, '500000', 'USDCUSDT', '1.02080615', '1.00030000', '-10250', '-2.05', '1719231121', '2024-06-24 12:12:03', '2024-06-24 12:12:03'),
(58, 14, 3, 10, '30000', 'COMPUSDT', '48.243466', '47.78000000', '-291', '-0.97', '1719233323', '2024-06-24 12:49:03', '2024-06-24 12:49:03'),
(59, 14, 4, 11, '370000', 'COMPUSDT', '49.910988', '47.78000000', '-16502', '-4.46', '1719234290', '2024-06-24 13:05:03', '2024-06-24 13:05:03'),
(60, 14, 3, 10, '30000', 'TUSDT', '0.025860006', '0.02619000', '378', '1.26', '1719236526', '2024-06-24 13:43:03', '2024-06-24 13:43:03'),
(61, 14, 4, 11, '370000', 'FTMUSDT', '0.57537073', '0.60610000', '18759', '5.07', '1719237926', '2024-06-24 14:06:03', '2024-06-24 14:06:03'),
(62, 14, 4, 11, '370000', 'KAVAUSDT', '0.46752468', '0.45080000', '-13727', '-3.71', '1719244938', '2024-06-24 16:03:03', '2024-06-24 16:03:03'),
(63, 14, 4, 11, '370000', 'ALPINEUSDT', '1.5916131', '1.68300000', '20091', '5.43', '1719246593', '2024-06-24 16:30:03', '2024-06-24 16:30:03'),
(64, 14, 4, 11, '370000', 'ATOMUSDT', '6.7174242', '6.68600000', '-1739', '-0.47', '1719247453', '2024-06-24 16:45:03', '2024-06-24 16:45:03'),
(65, 14, 4, 9, '500000', 'ONGUSDT', '0.34182304', '0.33020000', '-17600', '-3.52', '1719260433', '2024-06-24 20:21:03', '2024-06-24 20:21:03'),
(66, 14, 4, 9, '500000', 'RNDRUSDT', '7.2456032', '7.56800000', '21300', '4.26', '1719267623', '2024-06-24 22:21:03', '2024-06-24 22:21:03'),
(67, 14, 3, 10, '30000', 'ILVUSDT', '63.91464', '63.66000000', '-120', '-0.4', '1719272729', '2024-06-24 23:46:03', '2024-06-24 23:46:03'),
(68, 14, 4, 11, '370000', 'BANDUSDT', '0.9793412', '1.12400000', '47619', '12.87', '1719275946', '2024-06-25 00:40:03', '2024-06-25 00:40:03'),
(69, 14, 3, 10, '30000', 'RLCUSDT', '2.113661', '2.15900000', '630', '2.1', '1719279425', '2024-06-25 01:38:03', '2024-06-25 01:38:03'),
(70, 14, 3, 10, '30000', 'BONDUSDT', '3.518432', '3.44000000', '-684', '-2.28', '1719280503', '2024-06-25 01:56:03', '2024-06-25 01:56:03'),
(71, 14, 4, 11, '370000', 'ZILUSDT', '0.017604536', '0.01684000', '-16798', '-4.54', '1719281996', '2024-06-25 02:20:03', '2024-06-25 02:20:03'),
(72, 14, 4, 11, '370000', 'FETUSDT', '1.7087757', '1.71100000', '481', '0.13', '1719286898', '2024-06-25 03:42:02', '2024-06-25 03:42:02'),
(73, 14, 3, 10, '30000', 'BONDUSDT', '3.443784', '3.44000000', '-33', '-0.11', '1719288684', '2024-06-25 04:12:03', '2024-06-25 04:12:03'),
(74, 14, 4, 11, '370000', 'JAMUSDT', '0.0017979797', '0.00172700', '-15207', '-4.11', '1719296490', '2024-06-25 06:22:03', '2024-06-25 06:22:03'),
(75, 14, 4, 9, '500000', 'JAMUSDT', '0.001802306', '0.00173800', '-18500', '-3.7', '1719302179', '2024-06-25 07:57:03', '2024-06-25 07:57:03'),
(76, 14, 3, 10, '30000', 'LTOUSDT', '0.1331746', '0.13100000', '-498', '-1.66', '1719303466', '2024-06-25 08:18:03', '2024-06-25 08:18:03'),
(77, 14, 3, 10, '30000', 'ANTUSDT', '10.8779184', '11.41200000', '1404', '4.68', '1719313913', '2024-06-25 11:12:04', '2024-06-25 11:12:04'),
(78, 14, 4, 9, '500000', 'OCEANUSDT', '0.67759671', '0.70210000', '17450', '3.49', '1719316491', '2024-06-25 11:55:03', '2024-06-25 11:55:03'),
(79, 14, 4, 9, '500000', 'RADUSDT', '1.15872', '1.13600000', '-10000', '-2', '1719318204', '2024-06-25 12:24:03', '2024-06-25 12:24:03'),
(80, 14, 4, 9, '500000', 'DGBUSDT', '0.007772624', '0.00811000', '20800', '4.16', '1719319574', '2024-06-25 12:47:03', '2024-06-25 12:47:03'),
(81, 14, 4, 11, '370000', 'RAREUSDT', '0.0946656', '0.09600000', '5143', '1.39', '1719320062', '2024-06-25 12:55:03', '2024-06-25 12:55:03'),
(82, 14, 3, 10, '30000', 'ORBSUSDT', '0.02348892', '0.02390000', '516', '1.72', '1719325066', '2024-06-25 14:18:03', '2024-06-25 14:18:03'),
(83, 14, 3, 10, '30000', 'FLOKIUSDT', '0.000175448565', '0.00017803', '435', '1.45', '1719328861', '2024-06-25 15:21:03', '2024-06-25 15:21:03'),
(84, 14, 4, 11, '370000', 'OXTUSDT', '0.07348583', '0.07010000', '-17871', '-4.83', '1719332611', '2024-06-25 16:24:03', '2024-06-25 16:24:03'),
(85, 14, 4, 9, '500000', 'LOKAUSDT', '0.20337984', '0.20770000', '10400', '2.08', '1719334041', '2024-06-25 16:48:03', '2024-06-25 16:48:03'),
(86, 14, 4, 9, '500000', 'OXTUSDT', '0.07118655', '0.07010000', '-7750', '-1.55', '1719334429', '2024-06-25 16:54:04', '2024-06-25 16:54:04'),
(87, 14, 4, 11, '370000', 'ZRXUSDT', '0.35709984', '0.37260000', '15392', '4.16', '1719335007', '2024-06-25 17:04:03', '2024-06-25 17:04:03'),
(88, 14, 3, 10, '30000', 'CELRUSDT', '0.016989588', '0.01701000', '36', '0.12', '1719337204', '2024-06-25 17:41:03', '2024-06-25 17:41:03'),
(89, 14, 3, 10, '30000', 'USDCUSDT', '1.02160639', '1.00030000', '-639', '-2.13', '1719346064', '2024-06-25 20:08:03', '2024-06-25 20:08:03'),
(90, 14, 3, 10, '30000', 'USDCUSDT', '1.01310258', '1.00020000', '-387', '-1.29', '1719357575', '2024-06-25 23:20:03', '2024-06-25 23:20:03'),
(91, 14, 4, 9, '500000', 'MXCUSDT', '0.010336128', '0.01056000', '10600', '2.12', '1719358572', '2024-06-25 23:37:03', '2024-06-25 23:37:03'),
(92, 14, 3, 10, '30000', 'FLOWUSDT', '0.6364146', '0.64200000', '261', '0.87', '1719363596', '2024-06-26 01:00:04', '2024-06-26 01:00:04'),
(93, 14, 3, 10, '30000', 'COTIUSDT', '0.09625707', '0.09555000', '-222', '-0.74', '1719365439', '2024-06-26 01:31:04', '2024-06-26 01:31:04'),
(94, 14, 4, 9, '500000', 'API3USDT', '2.2722588', '2.33100000', '12600', '2.52', '1719368006', '2024-06-26 02:14:03', '2024-06-26 02:14:03'),
(95, 14, 4, 11, '370000', 'BOSONUSDT', '0.388', '0.40000000', '11100', '3', '1719368150', '2024-06-26 02:16:04', '2024-06-26 02:16:04'),
(96, 14, 4, 9, '500000', 'STGUSDT', '0.39629436', '0.38990000', '-8200', '-1.64', '1719370911', '2024-06-26 03:02:03', '2024-06-26 03:02:03'),
(97, 14, 4, 9, '500000', 'XRPUSDT', '0.49234318', '0.47620000', '-16950', '-3.39', '1719371928', '2024-06-26 03:19:03', '2024-06-26 03:19:03'),
(98, 14, 4, 11, '370000', 'ENJUSDT', '0.20759067', '0.20370000', '-7067', '-1.91', '1719371968', '2024-06-26 03:20:04', '2024-06-26 03:20:04'),
(99, 14, 4, 9, '500000', 'FILUSDT', '4.5567769', '4.38700000', '-19350', '-3.87', '1719387566', '2024-06-26 07:40:04', '2024-06-26 07:40:04'),
(100, 14, 4, 9, '500000', 'OXTUSDT', '0.07599011', '0.07330000', '-18350', '-3.67', '1719387891', '2024-06-26 07:45:04', '2024-06-26 07:45:04'),
(101, 14, 3, 10, '30000', 'TRACUSDT', '0.73352378', '0.73810000', '186', '0.62', '1719388274', '2024-06-26 07:52:03', '2024-06-26 07:52:03'),
(102, 14, 3, 10, '30000', 'CUDOSUSDT', '0.0123912072', '0.01242600', '84', '0.28', '1719389984', '2024-06-26 08:20:04', '2024-06-26 08:20:04'),
(103, 14, 3, 10, '30000', 'PORTOUSDT', '1.68963', '1.70000000', '183', '0.61', '1719397696', '2024-06-26 10:29:03', '2024-06-26 10:29:03'),
(104, 14, 4, 11, '370000', 'ANTUSDT', '11.0605104', '11.41200000', '11396', '3.08', '1719403563', '2024-06-26 12:07:04', '2024-06-26 12:07:04'),
(105, 14, 3, 10, '30000', 'TUSDT', '0.025878528', '0.02592000', '48', '0.16', '1719407198', '2024-06-26 13:07:03', '2024-06-26 13:07:03'),
(106, 14, 3, 10, '30000', 'CELRUSDT', '0.016838757', '0.01677000', '-123', '-0.41', '1719408081', '2024-06-26 13:22:03', '2024-06-26 13:22:03'),
(107, 14, 4, 11, '370000', 'TUSDT', '0.025450848', '0.02592000', '6697', '1.81', '1719409914', '2024-06-26 13:52:03', '2024-06-26 13:52:03'),
(108, 14, 3, 10, '30000', 'OCEANUSDT', '0.738964', '0.74000000', '42', '0.14', '1719410119', '2024-06-26 13:56:03', '2024-06-26 13:56:03'),
(109, 14, 4, 9, '500000', 'KSMUSDT', '24.640148', '24.52000000', '-2450', '-0.49', '1719411664', '2024-06-26 14:22:03', '2024-06-26 14:22:03'),
(110, 14, 4, 11, '370000', 'GLMUSDT', '0.3709524', '0.36400000', '-7067', '-1.91', '1719422163', '2024-06-26 17:17:03', '2024-06-26 17:17:03'),
(111, 14, 4, 9, '500000', 'BONDUSDT', '3.557648', '3.44000000', '-17100', '-3.42', '1719427564', '2024-06-26 18:47:03', '2024-06-26 18:47:03'),
(112, 14, 4, 11, '370000', 'ORBSUSDT', '0.024183817', '0.02381000', '-5809', '-1.57', '1719427871', '2024-06-26 18:52:03', '2024-06-26 18:52:03'),
(113, 14, 4, 9, '500000', 'FETUSDT', '1.5077888', '1.79200000', '79300', '15.86', '1719433385', '2024-06-26 20:24:03', '2024-06-26 20:24:03'),
(114, 14, 4, 11, '370000', 'RADUSDT', '1.543256', '1.56200000', '4440', '1.2', '1719434105', '2024-06-26 20:36:03', '2024-06-26 20:36:03'),
(115, 14, 4, 9, '500000', 'RADUSDT', '1.5579388', '1.56200000', '1300', '0.26', '1719434725', '2024-06-26 20:46:03', '2024-06-26 20:46:03'),
(116, 14, 4, 9, '500000', 'FORTUSDT', '0.18195156', '0.18540000', '9300', '1.86', '1719440752', '2024-06-26 22:26:03', '2024-06-26 22:26:03'),
(117, 14, 3, 10, '30000', 'VITEUSDT', '0.0184736', '0.01840000', '-120', '-0.4', '1719441770', '2024-06-26 22:43:03', '2024-06-26 22:43:03'),
(118, 14, 3, 10, '30000', 'ZRXUSDT', '0.36657593', '0.36610000', '-39', '-0.13', '1719445972', '2024-06-26 23:53:03', '2024-06-26 23:53:03'),
(119, 14, 4, 11, '370000', 'FORTHUSDT', '3.0460266', '3.07400000', '3367', '0.91', '1719453022', '2024-06-27 01:51:03', '2024-06-27 01:51:03'),
(120, 14, 4, 11, '370000', 'FETUSDT', '1.6642506', '1.68600000', '4773', '1.29', '1719453318', '2024-06-27 01:56:03', '2024-06-27 01:56:03'),
(121, 14, 3, 10, '30000', 'FETUSDT', '1.6572738', '1.67300000', '282', '0.94', '1719453939', '2024-06-27 02:06:03', '2024-06-27 02:06:03'),
(122, 14, 4, 11, '370000', 'RADUSDT', '1.4696704', '1.49600000', '6512', '1.76', '1719458037', '2024-06-27 03:14:03', '2024-06-27 03:14:03'),
(123, 14, 4, 11, '370000', 'LOOMUSDT', '0.058962', '0.06000000', '6401', '1.73', '1719458177', '2024-06-27 03:17:03', '2024-06-27 03:17:03'),
(124, 14, 3, 10, '30000', 'SYSUSDT', '0.12113815', '0.12230000', '285', '0.95', '1719471605', '2024-06-27 07:01:03', '2024-06-27 07:01:03'),
(125, 14, 4, 9, '500000', 'IOSTUSDT', '0.00616896', '0.00720000', '71600', '14.32', '1719471890', '2024-06-27 07:05:04', '2024-06-27 07:05:04'),
(126, 14, 4, 11, '370000', 'MKRUSDT', '2494.3539', '2567.00000000', '10471', '2.83', '1719473139', '2024-06-27 07:26:03', '2024-06-27 07:26:03'),
(127, 14, 4, 9, '500000', 'ANTUSDT', '10.966932', '11.41200000', '19500', '3.9', '1719476303', '2024-06-27 08:19:03', '2024-06-27 08:19:03'),
(128, 14, 4, 11, '370000', 'BONDUSDT', '3.692496', '3.44000000', '-27158', '-7.34', '1719477074', '2024-06-27 08:32:03', '2024-06-27 08:32:03'),
(129, 14, 4, 9, '500000', 'ANTUSDT', '11.4028704', '11.41200000', '400', '0.08', '1719478812', '2024-06-27 09:01:03', '2024-06-27 09:01:03'),
(130, 14, 4, 9, '500000', 'EOSUSDT', '0.597772', '0.57700000', '-18000', '-3.6', '1719482183', '2024-06-27 09:57:03', '2024-06-27 09:57:03'),
(131, 14, 4, 11, '370000', 'MATICUSDT', '0.55361528', '0.55240000', '-814', '-0.22', '1719483146', '2024-06-27 10:13:03', '2024-06-27 10:13:03'),
(132, 14, 3, 10, '30000', 'SYSUSDT', '0.11422771', '0.11530000', '279', '0.93', '1719484819', '2024-06-27 10:41:03', '2024-06-27 10:41:03'),
(133, 14, 3, 10, '30000', 'ENSUSDT', '26.362861', '26.53000000', '189', '0.63', '1719493227', '2024-06-27 13:01:03', '2024-06-27 13:01:03'),
(134, 14, 4, 11, '370000', 'FLUXUSDT', '0.62839686', '0.64610000', '10138', '2.74', '1719493490', '2024-06-27 13:05:04', '2024-06-27 13:05:04'),
(135, 14, 3, 10, '30000', 'ANTUSDT', '11.206584', '11.41200000', '540', '1.8', '1719494192', '2024-06-27 13:17:03', '2024-06-27 13:17:03'),
(136, 14, 4, 11, '370000', 'ANTUSDT', '11.343528', '11.41200000', '2220', '0.6', '1719502184', '2024-06-27 15:30:04', '2024-06-27 15:30:04'),
(137, 14, 4, 9, '500000', 'FLOWUSDT', '0.6319417', '0.61300000', '-15450', '-3.09', '1719503052', '2024-06-27 15:45:03', '2024-06-27 15:45:03'),
(138, 14, 4, 9, '500000', 'API3USDT', '2.2148452', '2.14700000', '-15800', '-3.16', '1719510210', '2024-06-27 17:44:03', '2024-06-27 17:44:03'),
(139, 14, 4, 9, '500000', 'ENSUSDT', '25.019498', '25.97000000', '18300', '3.66', '1719514258', '2024-06-27 18:51:03', '2024-06-27 18:51:03'),
(140, 14, 4, 9, '500000', 'QTUMUSDT', '2.7202166', '2.56600000', '-30050', '-6.01', '1719529200', '2024-06-27 23:00:04', '2024-06-27 23:00:04'),
(141, 14, 4, 9, '500000', 'ANTUSDT', '11.303586', '11.41200000', '4750', '0.95', '1719537167', '2024-06-28 01:13:03', '2024-06-28 01:13:03'),
(142, 14, 4, 9, '500000', 'QTUMUSDT', '2.6483686', '2.56600000', '-16050', '-3.21', '1719541113', '2024-06-28 02:19:03', '2024-06-28 02:19:03'),
(143, 14, 4, 11, '370000', 'SANTOSUSDT', '3.4743025', '3.30100000', '-19425', '-5.25', '1719548545', '2024-06-28 04:23:03', '2024-06-28 04:23:03'),
(144, 14, 4, 9, '500000', 'BNTUSDT', '0.6695668', '0.64400000', '-19850', '-3.97', '1719549300', '2024-06-28 04:35:03', '2024-06-28 04:35:03'),
(145, 14, 4, 11, '370000', 'ENSUSDT', '26.395289', '27.97000000', '20831', '5.63', '1719556355', '2024-06-28 06:33:03', '2024-06-28 06:33:03'),
(146, 14, 4, 11, '370000', 'LDOUSDT', '2.428225', '2.36900000', '-9250', '-2.5', '1719558153', '2024-06-28 07:03:03', '2024-06-28 07:03:03'),
(147, 14, 4, 11, '370000', 'DOTUSDT', '5.910108', '6.27400000', '21460', '5.8', '1719558841', '2024-06-28 07:14:03', '2024-06-28 07:14:03'),
(148, 14, 4, 9, '500000', 'QTUMUSDT', '2.3353736', '2.63200000', '56350', '11.27', '1719560287', '2024-06-28 07:39:03', '2024-06-28 07:39:03'),
(149, 14, 4, 11, '370000', 'ENSUSDT', '25.903612', '26.68000000', '10767', '2.91', '1719562460', '2024-06-28 08:15:04', '2024-06-28 08:15:04'),
(150, 14, 4, 11, '370000', 'LDOUSDT', '2.4373224', '2.34900000', '-13912', '-3.76', '1719565876', '2024-06-28 09:12:03', '2024-06-28 09:12:03'),
(151, 14, 4, 9, '500000', 'CELOUSDT', '0.63189855', '0.63450000', '2050', '0.41', '1719574703', '2024-06-28 11:39:03', '2024-06-28 11:39:03'),
(152, 14, 4, 11, '370000', 'AVAXUSDT', '28.432136', '28.76000000', '4218', '1.14', '1719578553', '2024-06-28 12:43:03', '2024-06-28 12:43:03'),
(153, 14, 4, 11, '370000', 'LTOUSDT', '0.13951302', '0.14020000', '1813', '0.49', '1719583739', '2024-06-28 14:09:03', '2024-06-28 14:09:03'),
(154, 14, 4, 9, '500000', 'ANKRUSDT', '0.031639172', '0.03067000', '-15800', '-3.16', '1719591085', '2024-06-28 16:12:03', '2024-06-28 16:12:03'),
(155, 14, 4, 11, '370000', 'SANDUSDT', '0.34073318', '0.33860000', '-2331', '-0.63', '1719596972', '2024-06-28 17:50:03', '2024-06-28 17:50:03'),
(156, 14, 4, 9, '500000', 'DASHUSDT', '24.775902', '24.66000000', '-2350', '-0.47', '1719601551', '2024-06-28 19:06:03', '2024-06-28 19:06:03'),
(157, 14, 4, 11, '370000', 'AAVEUSDT', '92.208255', '94.35000000', '8399', '2.27', '1719608713', '2024-06-28 21:06:03', '2024-06-28 21:06:03'),
(158, 14, 4, 9, '500000', 'PORTOUSDT', '1.7105008', '1.75400000', '12400', '2.48', '1719617514', '2024-06-28 23:32:03', '2024-06-28 23:32:03'),
(159, 14, 4, 11, '370000', 'COMPUSDT', '51.466848', '49.26000000', '-16576', '-4.48', '1719621018', '2024-06-29 00:31:03', '2024-06-29 00:31:03'),
(160, 14, 4, 9, '500000', 'ZECUSDT', '21.110927', '20.59000000', '-12650', '-2.53', '1719625416', '2024-06-29 01:44:03', '2024-06-29 01:44:03'),
(161, 14, 4, 9, '500000', 'VTHOUSDT', '0.0023831496', '0.00248400', '20300', '4.06', '1719625505', '2024-06-29 01:46:03', '2024-06-29 01:46:03'),
(162, 14, 4, 11, '370000', 'PAXGUSDT', '2351.811', '2310.00000000', '-6697', '-1.81', '1719630123', '2024-06-29 03:03:03', '2024-06-29 03:03:03'),
(163, 14, 4, 11, '370000', 'YFIUSDT', '6518.455', '6575.00000000', '3182', '0.86', '1719631744', '2024-06-29 03:30:03', '2024-06-29 03:30:03'),
(164, 14, 4, 11, '370000', 'POLYXUSDT', '0.30796948', '0.31720000', '10767', '2.91', '1719632188', '2024-06-29 03:37:03', '2024-06-29 03:37:03'),
(165, 14, 4, 9, '500000', 'DASHUSDT', '25.13314', '24.65000000', '-9800', '-1.96', '1719635240', '2024-06-29 04:28:03', '2024-06-29 04:28:03'),
(166, 14, 4, 9, '500000', 'YFIUSDT', '6587.1903', '6609.00000000', '1650', '0.33', '1719637522', '2024-06-29 05:06:03', '2024-06-29 05:06:03'),
(167, 14, 4, 9, '500000', 'ENSUSDT', '28.276473', '28.41000000', '2350', '0.47', '1719646918', '2024-06-29 07:42:03', '2024-06-29 07:42:03'),
(168, 14, 4, 11, '370000', 'PONDUSDT', '0.02004652', '0.01976000', '-5365', '-1.45', '1719647112', '2024-06-29 07:46:03', '2024-06-29 07:46:03'),
(169, 14, 4, 11, '370000', 'ADAUSDT', '0.38656387', '0.39530000', '8177', '2.21', '1719647170', '2024-06-29 07:47:03', '2024-06-29 07:47:03'),
(170, 14, 4, 9, '500000', 'OXTUSDT', '0.07394877', '0.07490000', '6350', '1.27', '1719648923', '2024-06-29 08:16:04', '2024-06-29 08:16:04'),
(171, 14, 4, 11, '370000', 'ADAUSDT', '0.38407974', '0.39490000', '10138', '2.74', '1719650828', '2024-06-29 08:48:03', '2024-06-29 08:48:03'),
(172, 14, 4, 9, '500000', 'MXCUSDT', '0.01024944', '0.01048000', '11000', '2.2', '1719660032', '2024-06-29 11:21:03', '2024-06-29 11:21:03'),
(173, 14, 4, 11, '370000', 'FORTHUSDT', '3.0716936', '3.07600000', '518', '0.14', '1719677523', '2024-06-29 16:13:03', '2024-06-29 16:13:03'),
(174, 16, 4, 12, '650000', 'ANKRUSDT', '0.02985906', '0.03091000', '22100', '3.4', '1722012502', '2024-07-26 16:49:04', '2024-07-26 16:49:04'),
(175, 16, 4, 12, '650000', 'NMRUSDT', '14.377713', '14.91000000', '23205', '3.57', '1722015400', '2024-07-26 17:37:04', '2024-07-26 17:37:04'),
(176, 16, 4, 12, '650000', 'SYSUSDT', '0.10591063', '0.10990000', '23595', '3.63', '1722023594', '2024-07-26 19:54:03', '2024-07-26 19:54:03'),
(177, 16, 4, 12, '650000', 'TRACUSDT', '0.73886694', '0.66890000', '-67990', '-10.46', '1722024919', '2024-07-26 20:16:04', '2024-07-26 20:16:04'),
(178, 16, 4, 12, '650000', 'BONDUSDT', '3.489192', '3.44000000', '-9295', '-1.43', '1722032410', '2024-07-26 22:21:04', '2024-07-26 22:21:04'),
(179, 16, 4, 12, '650000', 'CUDOSUSDT', '0.0099917601', '0.00968100', '-20865', '-3.21', '1722032455', '2024-07-26 22:22:04', '2024-07-26 22:22:04'),
(180, 16, 4, 12, '650000', 'API3USDT', '2.056005', '2.13500000', '24050', '3.7', '1722049106', '2024-07-27 02:59:04', '2024-07-27 02:59:04'),
(181, 16, 4, 12, '650000', 'TUSDT', '0.023106817', '0.02377000', '18135', '2.79', '1722062076', '2024-07-27 06:35:05', '2024-07-27 06:35:05'),
(182, 16, 4, 12, '650000', 'ANTUSDT', '11.372058', '11.41200000', '2275', '0.35', '1722063050', '2024-07-27 06:51:04', '2024-07-27 06:51:04'),
(183, 16, 1, 13, '500', 'ACHUSDT', '0.026508232', '0.02543000', '-21.2', '-4.24', '1722085169', '2024-07-27 13:00:05', '2024-07-27 13:00:05'),
(184, 16, 1, 13, '500', 'PAXGUSDT', '2342.815', '2330.00000000', '-2.75', '-0.55', '1722085921', '2024-07-27 13:12:04', '2024-07-27 13:12:04'),
(185, 16, 4, 12, '650000', 'CELOUSDT', '0.56276548', '0.58360000', '23205', '3.57', '1722087209', '2024-07-27 13:34:04', '2024-07-27 13:34:04'),
(186, 16, 1, 13, '500', 'ANTUSDT', '10.938402', '11.41200000', '20.75', '4.15', '1722090246', '2024-07-27 14:25:04', '2024-07-27 14:25:04'),
(187, 16, 1, 13, '500', 'RLCUSDT', '1.859261', '1.79500000', '-17.9', '-3.58', '1722094188', '2024-07-27 15:30:03', '2024-07-27 15:30:03'),
(188, 16, 4, 12, '650000', 'LRCUSDT', '0.15357344', '0.15040000', '-13715', '-2.11', '1722094613', '2024-07-27 15:37:04', '2024-07-27 15:37:04'),
(189, 16, 1, 13, '500', 'MASKUSDT', '2.342472', '2.33500000', '-1.6', '-0.32', '1722097500', '2024-07-27 16:25:04', '2024-07-27 16:25:04'),
(190, 16, 4, 12, '650000', 'XRPUSDT', '0.6048443', '0.59450000', '-11310', '-1.74', '1722102510', '2024-07-27 17:49:04', '2024-07-27 17:49:04'),
(191, 16, 4, 12, '650000', 'RENUSDT', '0.04997865', '0.05025000', '3510', '0.54', '1722105538', '2024-07-27 18:39:04', '2024-07-27 18:39:04'),
(192, 16, 4, 12, '650000', 'KNCUSDT', '0.55849328', '0.53660000', '-26520', '-4.08', '1722106964', '2024-07-27 19:03:04', '2024-07-27 19:03:04'),
(193, 16, 1, 13, '500', 'TRACUSDT', '0.72909518', '0.73810000', '6.1', '1.22', '1722113229', '2024-07-27 20:48:04', '2024-07-27 20:48:04'),
(194, 16, 1, 13, '500', 'OGNUSDT', '0.10484925', '0.10650000', '7.75', '1.55', '1722113809', '2024-07-27 20:57:04', '2024-07-27 20:57:04'),
(195, 16, 4, 12, '650000', 'EGLDUSDT', '33.77152', '32.98000000', '-15600', '-2.4', '1722119882', '2024-07-27 22:38:05', '2024-07-27 22:38:05'),
(196, 16, 1, 13, '500', 'TRACUSDT', '0.71499747', '0.73810000', '15.65', '3.13', '1722122690', '2024-07-27 23:25:04', '2024-07-27 23:25:04'),
(197, 16, 4, 12, '650000', 'STORJUSDT', '0.46301004', '0.48170000', '25220', '3.88', '1722123076', '2024-07-27 23:32:04', '2024-07-27 23:32:04'),
(198, 16, 4, 12, '650000', 'TUSDT', '0.027659016', '0.02772000', '1430', '0.22', '1722129695', '2024-07-28 01:22:03', '2024-07-28 01:22:03'),
(199, 16, 4, 12, '650000', 'MXCUSDT', '0.00952032', '0.00960000', '5395', '0.83', '1722130669', '2024-07-28 01:38:04', '2024-07-28 01:38:04'),
(200, 16, 1, 13, '500', 'USDCUSDT', '1.03738105', '0.99950000', '-18.95', '-3.79', '1722137793', '2024-07-28 03:37:04', '2024-07-28 03:37:04'),
(201, 16, 4, 12, '650000', 'STORJUSDT', '0.47531469', '0.48270000', '9945', '1.53', '1722151700', '2024-07-28 07:29:03', '2024-07-28 07:29:03'),
(202, 16, 4, 12, '650000', 'LTCUSDT', '73.482552', '71.28000000', '-20085', '-3.09', '1722159604', '2024-07-28 09:41:04', '2024-07-28 09:41:04'),
(203, 16, 1, 13, '500', 'SANDUSDT', '0.3522188', '0.33200000', '-30.45', '-6.09', '1722161273', '2024-07-28 10:08:03', '2024-07-28 10:08:03'),
(204, 16, 1, 13, '500', 'AXSUSDT', '6.2149936', '6.06400000', '-12.45', '-2.49', '1722161970', '2024-07-28 10:20:04', '2024-07-28 10:20:04'),
(205, 16, 4, 12, '650000', 'SANDUSDT', '0.3365484', '0.33200000', '-8905', '-1.37', '1722162400', '2024-07-28 10:27:03', '2024-07-28 10:27:03'),
(206, 16, 1, 13, '500', 'ASTRUSDT', '0.07895209', '0.07490000', '-27.05', '-5.41', '1722170891', '2024-07-28 12:49:03', '2024-07-28 12:49:03'),
(207, 16, 4, 12, '650000', 'SYSUSDT', '0.107217', '0.11000000', '16445', '2.53', '1722172234', '2024-07-28 13:11:04', '2024-07-28 13:11:04'),
(208, 16, 4, 12, '650000', 'DASHUSDT', '27.09707', '27.07000000', '-650', '-0.1', '1722172917', '2024-07-28 13:22:05', '2024-07-28 13:22:05'),
(209, 16, 1, 13, '500', 'SLPUSDT', '0.0027730989', '0.00287100', '17.05', '3.41', '1722180229', '2024-07-28 15:24:04', '2024-07-28 15:24:04'),
(210, 16, 1, 13, '500', 'BCHUSDT', '402.90496', '406.40000000', '4.3', '0.86', '1722182340', '2024-07-28 15:59:03', '2024-07-28 15:59:03'),
(211, 16, 4, 12, '650000', 'ADXUSDT', '0.15900264', '0.15760000', '-5785', '-0.89', '1722186030', '2024-07-28 17:01:04', '2024-07-28 17:01:04'),
(212, 16, 4, 12, '650000', 'ZECUSDT', '31.97082', '32.69000000', '14300', '2.2', '1722188331', '2024-07-28 17:39:03', '2024-07-28 17:39:03'),
(213, 16, 1, 13, '500', 'CELRUSDT', '0.013505216', '0.01424000', '25.8', '5.16', '1722188322', '2024-07-28 17:39:04', '2024-07-28 17:39:04'),
(214, 16, 1, 13, '500', 'ZENUSDT', '8.825588', '11.26000000', '108.1', '21.62', '1722192676', '2024-07-28 18:52:03', '2024-07-28 18:52:03'),
(215, 16, 4, 12, '650000', 'BCHUSDT', '408.68912', '417.20000000', '13260', '2.04', '1722196088', '2024-07-28 19:49:03', '2024-07-28 19:49:03'),
(216, 16, 1, 13, '500', 'VITEUSDT', '0.014496341', '0.01369000', '-29.45', '-5.89', '1722202184', '2024-07-28 21:30:04', '2024-07-28 21:30:04'),
(217, 16, 1, 13, '500', 'SLPUSDT', '0.0027545448', '0.00277900', '4.4', '0.88', '1722212305', '2024-07-29 00:19:04', '2024-07-29 00:19:04'),
(218, 16, 1, 13, '500', 'JAMUSDT', '0.0015829395', '0.00158500', '0.65', '0.13', '1722216924', '2024-07-29 01:36:04', '2024-07-29 01:36:04'),
(219, 16, 4, 12, '650000', 'KNCUSDT', '0.54670026', '0.54220000', '-5395', '-0.83', '1722222124', '2024-07-29 03:03:03', '2024-07-29 03:03:03'),
(220, 16, 4, 12, '650000', 'SUSHIUSDT', '0.7033923', '0.71100000', '6955', '1.07', '1722227489', '2024-07-29 04:32:04', '2024-07-29 04:32:04'),
(221, 16, 1, 13, '500', 'MKRUSDT', '2645.7655', '2729.00000000', '15.25', '3.05', '1722228647', '2024-07-29 04:51:03', '2024-07-29 04:51:03'),
(222, 16, 1, 13, '500', 'BCHUSDT', '416.2314', '438.00000000', '24.85', '4.97', '1722230460', '2024-07-29 05:21:04', '2024-07-29 05:21:04'),
(223, 16, 4, 12, '650000', 'XECUSDT', '3.952223E-5', '0.00004037', '13650', '2.1', '1722242009', '2024-07-29 08:34:04', '2024-07-29 08:34:04'),
(224, 16, 1, 13, '500', 'SKLUSDT', '0.049609098', '0.05166000', '19.85', '3.97', '1722244101', '2024-07-29 09:09:04', '2024-07-29 09:09:04'),
(225, 16, 4, 12, '650000', 'KNCUSDT', '0.51974073', '0.52230000', '3185', '0.49', '1722245137', '2024-07-29 09:26:04', '2024-07-29 09:26:04'),
(226, 16, 4, 12, '650000', 'XLMUSDT', '0.1009515', '0.10020000', '-4875', '-0.75', '1722269307', '2024-07-29 16:09:03', '2024-07-29 16:09:03'),
(227, 16, 1, 13, '500', 'ANKRUSDT', '0.030851844', '0.02993000', '-15.4', '-3.08', '1722274795', '2024-07-29 17:40:03', '2024-07-29 17:40:03'),
(228, 16, 1, 13, '500', 'DGBUSDT', '0.00788018', '0.00748000', '-26.75', '-5.35', '1722275089', '2024-07-29 17:45:03', '2024-07-29 17:45:03'),
(229, 16, 1, 13, '500', 'SNXUSDT', '1.8277246', '1.84600000', '4.95', '0.99', '1722286258', '2024-07-29 20:51:04', '2024-07-29 20:51:04'),
(230, 16, 4, 12, '650000', 'MANAUSDT', '0.33493524', '0.33420000', '-1430', '-0.22', '1722291039', '2024-07-29 22:11:04', '2024-07-29 22:11:04'),
(231, 16, 4, 12, '650000', 'ZILUSDT', '0.017305731', '0.01737000', '2405', '0.37', '1722292090', '2024-07-29 22:29:04', '2024-07-29 22:29:04'),
(232, 16, 4, 12, '650000', 'ORBSUSDT', '0.025227566', '0.02522000', '-195', '-0.03', '1722295421', '2024-07-29 23:24:03', '2024-07-29 23:24:03'),
(233, 16, 4, 12, '650000', 'CUDOSUSDT', '0.0086928291', '0.01005300', '87945', '13.53', '1722300546', '2024-07-30 00:50:04', '2024-07-30 00:50:04'),
(234, 16, 1, 13, '500', 'XNOUSDT', '0.9441715', '0.98300000', '19.75', '3.95', '1722303274', '2024-07-30 01:35:04', '2024-07-30 01:35:04'),
(235, 16, 1, 13, '500', 'BONDUSDT', '3.542856', '3.44000000', '-14.95', '-2.99', '1722307562', '2024-07-30 02:46:04', '2024-07-30 02:46:04'),
(236, 16, 1, 13, '500', 'XECUSDT', '3.875911E-5', '0.00003970', '11.85', '2.37', '1722309875', '2024-07-30 03:25:04', '2024-07-30 03:25:04'),
(237, 16, 1, 13, '500', 'ZECUSDT', '31.592568', '32.61000000', '15.6', '3.12', '1722310280', '2024-07-30 03:32:03', '2024-07-30 03:32:03'),
(238, 16, 1, 13, '500', 'CUDOSUSDT', '0.0097453782', '0.01005300', '15.3', '3.06', '1722310324', '2024-07-30 03:33:04', '2024-07-30 03:33:04'),
(239, 16, 4, 12, '650000', 'OXTUSDT', '0.08388978', '0.08210000', '-14170', '-2.18', '1722312183', '2024-07-30 04:04:03', '2024-07-30 04:04:03'),
(240, 16, 4, 12, '650000', 'MATICUSDT', '0.51476008', '0.51440000', '-455', '-0.07', '1722312787', '2024-07-30 04:14:04', '2024-07-30 04:14:04'),
(241, 16, 4, 12, '650000', 'ZECUSDT', '31.833882', '32.61000000', '15470', '2.38', '1722316251', '2024-07-30 05:11:03', '2024-07-30 05:11:03'),
(242, 16, 1, 13, '500', 'MATICUSDT', '0.51720115', '0.51550000', '-1.65', '-0.33', '1722318595', '2024-07-30 05:50:04', '2024-07-30 05:50:04'),
(243, 16, 1, 13, '500', 'TRACUSDT', '0.71504568', '0.68940000', '-18.6', '-3.72', '1722324974', '2024-07-30 07:37:03', '2024-07-30 07:37:03'),
(244, 16, 4, 12, '650000', 'CELOUSDT', '0.57752937', '0.59730000', '21515', '3.31', '1722326912', '2024-07-30 08:09:03', '2024-07-30 08:09:03'),
(245, 16, 4, 12, '650000', 'KNCUSDT', '0.53271744', '0.51540000', '-21840', '-3.36', '1722336695', '2024-07-30 10:52:04', '2024-07-30 10:52:04'),
(246, 16, 4, 12, '650000', 'COTIUSDT', '0.11349072', '0.11340000', '-520', '-0.08', '1722343488', '2024-07-30 12:45:04', '2024-07-30 12:45:04'),
(247, 16, 4, 12, '650000', 'FORTHUSDT', '3.6245496', '3.33200000', '-57070', '-8.78', '1722354850', '2024-07-30 15:55:04', '2024-07-30 15:55:04'),
(248, 16, 4, 12, '650000', 'TUSDUSDT', '0.9555435', '0.99900000', '28275', '4.35', '1722354946', '2024-07-30 15:56:03', '2024-07-30 15:56:03'),
(249, 16, 4, 12, '650000', 'KAVAUSDT', '0.40306243', '0.40270000', '-585', '-0.09', '1722396992', '2024-07-31 03:37:03', '2024-07-31 03:37:03'),
(250, 16, 4, 12, '650000', 'APEUSDT', '0.8003688', '0.78100000', '-16120', '-2.48', '1722400616', '2024-07-31 04:37:04', '2024-07-31 04:37:04'),
(251, 16, 4, 12, '650000', 'RVNUSDT', '0.018917015', '0.01835000', '-20085', '-3.09', '1722408018', '2024-07-31 06:41:03', '2024-07-31 06:41:03'),
(252, 16, 4, 12, '650000', 'COMPUSDT', '52.090626', '51.94000000', '-1885', '-0.29', '1722413780', '2024-07-31 08:17:04', '2024-07-31 08:17:04'),
(253, 16, 4, 12, '650000', 'VITEUSDT', '0.01454396', '0.01480000', '11245', '1.73', '1722419847', '2024-07-31 09:58:03', '2024-07-31 09:58:03'),
(254, 16, 4, 12, '650000', 'VITEUSDT', '0.01422132', '0.01480000', '25415', '3.91', '1722421524', '2024-07-31 10:26:03', '2024-07-31 10:26:03'),
(255, 16, 4, 12, '650000', 'VITEUSDT', '0.01263328', '0.01480000', '95160', '14.64', '1722429340', '2024-07-31 12:36:03', '2024-07-31 12:36:03'),
(256, 16, 4, 12, '650000', 'CHZUSDT', '0.070149', '0.06700000', '-30550', '-4.7', '1722444142', '2024-07-31 16:43:04', '2024-07-31 16:43:04'),
(257, 16, 4, 12, '650000', 'SHIBUSDT', '1.7080976E-5', '0.00001628', '-31980', '-4.92', '1722450110', '2024-07-31 18:22:03', '2024-07-31 18:22:03'),
(258, 16, 4, 12, '650000', 'LTOUSDT', '0.13462797', '0.13570000', '5135', '0.79', '1722463370', '2024-07-31 22:03:04', '2024-07-31 22:03:04'),
(259, 16, 4, 12, '650000', 'ALGOUSDT', '0.14043191', '0.13670000', '-17745', '-2.73', '1722473034', '2024-08-01 00:44:03', '2024-08-01 00:44:03'),
(260, 16, 4, 12, '650000', 'BNTUSDT', '0.6324494', '0.63800000', '5655', '0.87', '1722477280', '2024-08-01 01:55:04', '2024-08-01 01:55:04'),
(261, 16, 4, 12, '650000', 'ZENUSDT', '9.659769', '9.87000000', '13845', '2.13', '1722481221', '2024-08-01 03:01:04', '2024-08-01 03:01:04'),
(262, 16, 4, 12, '650000', 'OCEANUSDT', '0.51912175', '0.50750000', '-14885', '-2.29', '1722498700', '2024-08-01 07:52:03', '2024-08-01 07:52:03'),
(263, 16, 4, 12, '650000', 'USDCUSDT', '1.06423185', '1.00050000', '-41405', '-6.37', '1722512146', '2024-08-01 11:36:04', '2024-08-01 11:36:04'),
(264, 16, 4, 12, '650000', 'PAXGUSDT', '1909.5153', '2401.00000000', '133055', '20.47', '1722515237', '2024-08-01 12:28:03', '2024-08-01 12:28:03'),
(265, 16, 4, 12, '650000', 'VTHOUSDT', '0.0024192377', '0.00229900', '-33995', '-5.23', '1722553522', '2024-08-01 23:06:04', '2024-08-01 23:06:04'),
(266, 16, 4, 12, '650000', 'JAMUSDT', '0.001442462', '0.00143600', '-2925', '-0.45', '1722556948', '2024-08-02 00:03:04', '2024-08-02 00:03:04'),
(267, 16, 4, 12, '650000', 'MXCUSDT', '0.008638656', '0.00832000', '-24895', '-3.83', '1722573884', '2024-08-02 04:45:03', '2024-08-02 04:45:03'),
(268, 16, 4, 12, '650000', 'RLCUSDT', '1.562925', '1.60300000', '16250', '2.5', '1722601671', '2024-08-02 12:28:03', '2024-08-02 12:28:03'),
(269, 16, 4, 12, '650000', 'BICOUSDT', '0.26588714', '0.26860000', '6565', '1.01', '1722604420', '2024-08-02 13:14:04', '2024-08-02 13:14:04'),
(270, 14, 4, 14, '50000', 'ALPINEUSDT', '1.580742', '1.60400000', '725', '1.45', '1728368674', '2024-10-08 06:25:03', '2024-10-08 06:25:03'),
(271, 14, 4, 14, '50000', 'SUSHIUSDT', '0.7606879', '0.75100000', '-645', '-1.29', '1728374589', '2024-10-08 08:04:03', '2024-10-08 08:04:03'),
(272, 14, 4, 14, '50000', 'ANTUSDT', '11.189466', '11.41200000', '975', '1.95', '1728396963', '2024-10-08 14:17:02', '2024-10-08 14:17:02'),
(273, 14, 4, 14, '50000', 'ALPINEUSDT', '1.9058431', '1.93900000', '855', '1.71', '1728405699', '2024-10-08 16:42:02', '2024-10-08 16:42:02'),
(274, 14, 4, 14, '50000', 'ALICEUSDT', '1.0320484', '1.01800000', '-690', '-1.38', '1728416691', '2024-10-08 19:45:03', '2024-10-08 19:45:03'),
(275, 14, 4, 14, '50000', 'PORTOUSDT', '1.9447344', '1.96200000', '440', '0.88', '1728424687', '2024-10-08 21:59:02', '2024-10-08 21:59:02'),
(276, 14, 4, 14, '50000', 'MKRUSDT', '1403.08', '1400.00000000', '-110', '-0.22', '1728430353', '2024-10-08 23:33:02', '2024-10-08 23:33:02'),
(277, 14, 4, 14, '50000', 'DASHUSDT', '24.072', '23.60000000', '-1000', '-2', '1728433079', '2024-10-09 00:18:03', '2024-10-09 00:18:03'),
(278, 14, 4, 14, '50000', 'JAMUSDT', '0.0005665824', '0.00057300', '560', '1.12', '1728452587', '2024-10-09 05:44:03', '2024-10-09 05:44:03'),
(279, 14, 4, 14, '50000', 'AVAXUSDT', '26.488665', '26.37000000', '-225', '-0.45', '1728459428', '2024-10-09 07:38:03', '2024-10-09 07:38:03'),
(280, 14, 4, 14, '50000', 'STORJUSDT', '0.3950592', '0.40960000', '1775', '3.55', '1728471035', '2024-10-09 10:51:02', '2024-10-09 10:51:02'),
(281, 14, 4, 14, '50000', 'STORJUSDT', '0.4091904', '0.40960000', '50', '0.1', '1728471642', '2024-10-09 11:01:02', '2024-10-09 11:01:02'),
(282, 14, 4, 14, '50000', 'ALGOUSDT', '0.12626784', '0.12240000', '-1580', '-3.16', '1728472893', '2024-10-09 11:22:03', '2024-10-09 11:22:03'),
(283, 14, 4, 14, '50000', 'USDCUSDT', '1.02010788', '1.00040000', '-985', '-1.97', '1728490829', '2024-10-09 16:21:02', '2024-10-09 16:21:02'),
(284, 14, 4, 14, '50000', 'ENSUSDT', '16.872454', '16.54000000', '-1005', '-2.01', '1728497783', '2024-10-09 18:17:02', '2024-10-09 18:17:02'),
(285, 14, 4, 14, '50000', 'AUDIOUSDT', '0.11352668', '0.12410000', '4260', '8.52', '1728515294', '2024-10-09 23:09:02', '2024-10-09 23:09:02'),
(286, 14, 4, 14, '50000', 'ADXUSDT', '0.16189201', '0.17990000', '5005', '10.01', '1728528818', '2024-10-10 02:54:03', '2024-10-10 02:54:03'),
(287, 14, 4, 14, '50000', 'XLMUSDT', '0.08998091', '0.08990000', '-45', '-0.09', '1728534023', '2024-10-10 04:21:03', '2024-10-10 04:21:03'),
(288, 14, 4, 14, '50000', 'STGUSDT', '0.29328723', '0.30090000', '1265', '2.53', '1728540184', '2024-10-10 06:04:03', '2024-10-10 06:04:03'),
(289, 14, 4, 14, '50000', 'UNIUSDT', '7.5809712', '7.65600000', '490', '0.98', '1728541732', '2024-10-10 06:29:02', '2024-10-10 06:29:02'),
(290, 14, 4, 14, '50000', 'BANDUSDT', '1.0985743', '1.09300000', '-255', '-0.51', '1728557384', '2024-10-10 10:50:06', '2024-10-10 10:50:06'),
(291, 14, 4, 14, '50000', 'FTMUSDT', '0.70014499', '0.69590000', '-305', '-0.61', '1728562714', '2024-10-10 12:19:02', '2024-10-10 12:19:02'),
(292, 14, 4, 14, '50000', 'DOTUSDT', '4.1774169', '4.02100000', '-1945', '-3.89', '1728582113', '2024-10-10 17:42:03', '2024-10-10 17:42:03'),
(293, 14, 4, 14, '50000', 'REEFUSDT', '0.001413045', '0.00135000', '-2335', '-4.67', '1728592977', '2024-10-10 20:43:03', '2024-10-10 20:43:03'),
(294, 14, 4, 14, '50000', 'KSMUSDT', '18.162954', '17.61000000', '-1570', '-3.14', '1728594456', '2024-10-10 21:08:04', '2024-10-10 21:08:04'),
(295, 14, 4, 14, '50000', 'ZECUSDT', '31.275398', '32.78000000', '2295', '4.59', '1728596309', '2024-10-10 21:39:03', '2024-10-10 21:39:03'),
(296, 14, 4, 14, '50000', 'QTUMUSDT', '2.24289', '2.43000000', '3850', '7.7', '1728619830', '2024-10-11 04:11:03', '2024-10-11 04:11:03'),
(297, 14, 4, 14, '50000', 'BANDUSDT', '1.1709516', '1.09200000', '-3615', '-7.23', '1728623361', '2024-10-11 05:10:06', '2024-10-11 05:10:06'),
(298, 14, 4, 14, '50000', 'DOGEUSDT', '0.112055356', '0.10787000', '-1940', '-3.88', '1728627867', '2024-10-11 06:25:03', '2024-10-11 06:25:03'),
(299, 14, 4, 14, '50000', 'GRTUSDT', '0.15797116', '0.15530000', '-860', '-1.72', '1728632660', '2024-10-11 07:45:03', '2024-10-11 07:45:03'),
(300, 14, 4, 14, '50000', 'USDCUSDT', '1.06561959', '1.00030000', '-3265', '-6.53', '1728643838', '2024-10-11 10:51:02', '2024-10-11 10:51:02'),
(301, 14, 4, 14, '50000', 'SHIBUSDT', '1.7556446E-5', '0.00001706', '-1455', '-2.91', '1728644760', '2024-10-11 11:06:03', '2024-10-11 11:06:03'),
(302, 14, 4, 14, '50000', 'SYSUSDT', '0.0990828', '0.10200000', '1430', '2.86', '1728650793', '2024-10-11 12:47:03', '2024-10-11 12:47:03'),
(303, 14, 4, 14, '50000', 'ADXUSDT', '0.16479166', '0.16060000', '-1305', '-2.61', '1728650819', '2024-10-11 12:48:03', '2024-10-11 12:48:03'),
(304, 14, 4, 14, '50000', 'BCHUSDT', '327.0245', '321.40000000', '-875', '-1.75', '1728674976', '2024-10-11 19:30:05', '2024-10-11 19:30:05'),
(305, 14, 4, 14, '50000', 'OPUSDT', '1.2911965', '1.70500000', '12135', '24.27', '1728688767', '2024-10-11 23:20:05', '2024-10-11 23:20:05'),
(306, 14, 4, 14, '50000', 'WAVESUSDT', '3.3739415', '3.32900000', '-675', '-1.35', '1728696624', '2024-10-12 01:31:02', '2024-10-12 01:31:02'),
(307, 14, 4, 14, '50000', 'ANTUSDT', '11.0399688', '11.41200000', '1630', '3.26', '1728708726', '2024-10-12 04:53:02', '2024-10-12 04:53:02'),
(308, 14, 4, 14, '50000', 'SUIUSDT', '1.91703237', '2.01010000', '2315', '4.63', '1728710932', '2024-10-12 05:29:02', '2024-10-12 05:29:02'),
(309, 14, 4, 14, '50000', 'NMRUSDT', '15.04916', '15.14000000', '300', '0.6', '1728723081', '2024-10-12 08:52:03', '2024-10-12 08:52:03'),
(310, 14, 4, 14, '50000', 'BCHUSDT', '329.39151', '324.30000000', '-785', '-1.57', '1728727046', '2024-10-12 09:58:03', '2024-10-12 09:58:03'),
(311, 14, 4, 14, '50000', 'BONDUSDT', '3.555928', '3.44000000', '-1685', '-3.37', '1728733061', '2024-10-12 11:38:03', '2024-10-12 11:38:03'),
(312, 14, 4, 14, '50000', 'LTOUSDT', '0.13308625', '0.13750000', '1605', '3.21', '1728747229', '2024-10-12 15:34:03', '2024-10-12 15:34:03'),
(313, 14, 4, 14, '50000', 'KSMUSDT', '19.969152', '18.24000000', '-4740', '-9.48', '1728789848', '2024-10-13 03:25:03', '2024-10-13 03:25:03'),
(314, 14, 4, 14, '50000', 'CHZUSDT', '0.06780744', '0.07380000', '4060', '8.12', '1728794498', '2024-10-13 04:42:02', '2024-10-13 04:42:02'),
(315, 14, 4, 14, '50000', 'ANTUSDT', '10.7375508', '11.41200000', '2955', '5.91', '1728794855', '2024-10-13 04:48:03', '2024-10-13 04:48:03'),
(316, 14, 4, 14, '50000', 'BNTUSDT', '0.4599408', '0.49600000', '3635', '7.27', '1728826935', '2024-10-13 13:43:02', '2024-10-13 13:43:02'),
(317, 14, 4, 14, '50000', 'FORTUSDT', '0.11251097', '0.11110000', '-635', '-1.27', '1728844063', '2024-10-13 18:28:03', '2024-10-13 18:28:03'),
(318, 14, 4, 14, '50000', 'CLVUSDT', '0.031898884', '0.03404000', '3145', '6.29', '1728846730', '2024-10-13 19:13:02', '2024-10-13 19:13:02'),
(319, 14, 4, 14, '50000', 'ANTUSDT', '10.4294268', '11.41200000', '4305', '8.61', '1728849749', '2024-10-13 20:03:02', '2024-10-13 20:03:02'),
(320, 14, 4, 14, '50000', 'YFIUSDT', '4969.3968', '4674.00000000', '-3160', '-6.32', '1728854955', '2024-10-13 21:30:06', '2024-10-13 21:30:06'),
(321, 14, 4, 14, '50000', 'BONDUSDT', '3.688368', '3.44000000', '-3610', '-7.22', '1728861910', '2024-10-13 23:26:03', '2024-10-13 23:26:03'),
(322, 14, 4, 14, '50000', 'VTHOUSDT', '0.0018670296', '0.00181600', '-1405', '-2.81', '1728863824', '2024-10-13 23:58:03', '2024-10-13 23:58:03'),
(323, 14, 4, 14, '50000', 'CHZUSDT', '0.06904788', '0.07480000', '3845', '7.69', '1728864857', '2024-10-14 00:15:03', '2024-10-14 00:15:03'),
(324, 14, 4, 14, '50000', 'SANTOSUSDT', '3.5715327', '3.74100000', '2265', '4.53', '1728866149', '2024-10-14 00:36:06', '2024-10-14 00:36:06'),
(325, 14, 4, 14, '50000', 'CHZUSDT', '0.07234708', '0.07460000', '1510', '3.02', '1728875186', '2024-10-14 03:07:02', '2024-10-14 03:07:02'),
(326, 14, 4, 14, '50000', 'GRTUSDT', '0.16572843', '0.17010000', '1285', '2.57', '1728877301', '2024-10-14 03:42:03', '2024-10-14 03:42:03'),
(327, 14, 4, 14, '50000', 'ICXUSDT', '0.14613648', '0.14260000', '-1240', '-2.48', '1728887071', '2024-10-14 06:25:02', '2024-10-14 06:25:02'),
(328, 14, 4, 14, '50000', 'STMXUSDT', '0.0054723582', '0.00581300', '2930', '5.86', '1728905332', '2024-10-14 11:29:02', '2024-10-14 11:29:02'),
(329, 14, 4, 14, '50000', 'BONDUSDT', '3.698', '3.44000000', '-3750', '-7.5', '1728942201', '2024-10-14 21:44:03', '2024-10-14 21:44:03'),
(330, 14, 4, 14, '50000', 'ORBSUSDT', '0.032381064', '0.03096000', '-2295', '-4.59', '1728943101', '2024-10-14 21:59:02', '2024-10-14 21:59:02'),
(331, 14, 4, 14, '50000', 'BCHUSDT', '365.64376', '378.20000000', '1660', '3.32', '1728954825', '2024-10-15 01:14:03', '2024-10-15 01:14:03'),
(332, 14, 4, 14, '50000', 'REQUSDT', '0.09639868', '0.09590000', '-260', '-0.52', '1728957641', '2024-10-15 02:01:02', '2024-10-15 02:01:02');

-- --------------------------------------------------------

--
-- Table structure for table `cron_jobs`
--

CREATE TABLE `cron_jobs` (
  `id` bigint(20) UNSIGNED NOT NULL,
  `name` varchar(255) NOT NULL,
  `last_run` varchar(255) NOT NULL,
  `type` varchar(255) NOT NULL DEFAULT 'link',
  `created_at` timestamp NULL DEFAULT NULL,
  `updated_at` timestamp NULL DEFAULT NULL
) ENGINE=InnoDB DEFAULT CHARSET=utf8mb4 COLLATE=utf8mb4_unicode_ci;

--
-- Dumping data for table `cron_jobs`
--

INSERT INTO `cron_jobs` (`id`, `name`, `last_run`, `type`, `created_at`, `updated_at`) VALUES
(1, 'bot-cron-one', '1731722523', 'link', '2023-09-07 19:48:56', '2024-11-16 02:02:03'),
(2, 'delete-logs', '1731722522', 'link', '2023-09-07 19:48:56', '2024-11-16 02:02:02'),
(3, 'queue-work', '1694119736', 'link', '2023-09-07 19:48:56', '2023-09-07 19:48:56'),
(4, 'schedule-run', '1731722410', 'php', '2023-10-15 06:17:10', '2024-11-16 02:00:10');

-- --------------------------------------------------------

--
-- Table structure for table `deposits`
--

CREATE TABLE `deposits` (
  `id` bigint(20) UNSIGNED NOT NULL,
  `user_id` bigint(20) UNSIGNED NOT NULL,
  `deposit_coin_id` bigint(20) UNSIGNED NOT NULL,
  `amount` varchar(255) NOT NULL,
  `fee` varchar(255) NOT NULL,
  `currency` varchar(255) NOT NULL,
  `converted_amount` varchar(255) NOT NULL,
  `ref` varchar(255) NOT NULL,
  `network` varchar(255) DEFAULT NULL,
  `screenshot` varchar(255) DEFAULT NULL,
  `valid_until` varchar(255) NOT NULL,
  `payment_id` varchar(255) NOT NULL,
  `payment_wallet` varchar(255) NOT NULL,
  `status` varchar(255) NOT NULL,
  `created_at` timestamp NULL DEFAULT NULL,
  `updated_at` timestamp NULL DEFAULT NULL
) ENGINE=InnoDB DEFAULT CHARSET=utf8mb4 COLLATE=utf8mb4_unicode_ci;

--
-- Dumping data for table `deposits`
--

INSERT INTO `deposits` (`id`, `user_id`, `deposit_coin_id`, `amount`, `fee`, `currency`, `converted_amount`, `ref`, `network`, `screenshot`, `valid_until`, `payment_id`, `payment_wallet`, `status`, `created_at`, `updated_at`) VALUES
(28, 13, 38, '2000', '10', 'BTC', '2010', '231653042', 'btc', NULL, 'active', '231653042', 'enterwalletBTC', 'waiting', '2024-05-28 01:37:42', '2024-05-28 01:37:42');

-- --------------------------------------------------------

--
-- Table structure for table `deposit_coins`
--

CREATE TABLE `deposit_coins` (
  `id` bigint(20) UNSIGNED NOT NULL,
  `code` varchar(255) NOT NULL,
  `name` varchar(255) NOT NULL,
  `wallet_regex` varchar(255) NOT NULL,
  `priority` varchar(255) NOT NULL,
  `logo_url` varchar(255) NOT NULL,
  `network` varchar(255) DEFAULT NULL,
  `smart_contract` varchar(255) DEFAULT NULL,
  `network_precision` varchar(255) DEFAULT NULL,
  `precision` varchar(255) NOT NULL,
  `ticker` varchar(255) DEFAULT NULL,
  `wallet_address` varchar(255) DEFAULT NULL,
  `status` tinyint(1) NOT NULL DEFAULT 1,
  `status_b` int(11) NOT NULL DEFAULT 0,
  `can_withdraw` varchar(255) NOT NULL DEFAULT '0',
  `created_at` timestamp NULL DEFAULT NULL,
  `updated_at` timestamp NULL DEFAULT NULL
) ENGINE=InnoDB DEFAULT CHARSET=utf8mb4 COLLATE=utf8mb4_unicode_ci;

--
-- Dumping data for table `deposit_coins`
--

INSERT INTO `deposit_coins` (`id`, `code`, `name`, `wallet_regex`, `priority`, `logo_url`, `network`, `smart_contract`, `network_precision`, `precision`, `ticker`, `wallet_address`, `status`, `status_b`, `can_withdraw`, `created_at`, `updated_at`) VALUES
(1, '1INCH', '1inch Network', '^(0x)[0-9A-Fa-f]{40}$', '168', '/images/coins/1inch.svg', 'eth', '0x111111111117dc0aa78b770fa6a738034120c302', '18', '8', '1inch', 'hfjfjfdhdfh', 0, 0, '0', '2023-08-11 07:40:51', '2024-04-27 06:49:45'),
(2, '1INCHBSC', '1Inch Network (BSC)', '^(0x)[0-9A-Fa-f]{40}$', '171', '/images/coins/1inchbsc.svg', 'bsc', '0x111111111117dc0aa78b770fa6a738034120c302', '18', '8', '1inch', 'hfjfjfdhdfh', 0, 0, '0', '2023-08-11 07:40:51', '2024-04-27 06:49:45'),
(3, 'AAVE', 'Aave', '^(0x)[0-9A-Fa-f]{40}$', '127', '/images/coins/aave.svg', 'eth', '0x7Fc66500c84A76Ad7e9c93437bFc5Ac33E2DDaE9', '18', '8', 'aave', 'hfjfjfdhdfh', 0, 0, '0', '2023-08-11 07:40:51', '2024-04-27 06:49:45'),
(4, 'ADA', 'Cardano', '^([1-9A-HJ-NP-Za-km-z]{59,104})|([0-9A-Za-z]{58,104})$', '21', '/images/coins/ada.svg', 'ada', NULL, '6', '8', 'ada', 'enterwalletADA', 1, 1, '0', '2023-08-11 07:40:51', '2024-04-27 06:49:45'),
(5, 'AE', 'AE', '^ak_[A-Za-z0-9]{49,52}$', '15', '/images/coins/ae.svg', NULL, NULL, NULL, '8', NULL, 'apecfffdff', 0, 0, '0', '2023-08-11 07:40:51', '2024-04-27 06:49:45'),
(6, 'ALGO', 'ALGO', '^[A-Z0-9]{58}$', '15', '/images/coins/algo.svg', 'algo', NULL, '6', '8', 'algo', 'aptjvdnfgjfg', 0, 0, '0', '2023-08-11 07:40:51', '2024-04-27 06:49:45'),
(7, 'APE', 'ApeCoin', '^(0x)[0-9A-Fa-f]{40}$', '174', '/images/coins/ape.png', 'eth', '0x4d224452801aced8b2f0aebe155379bb5d594381', '18', '8', 'ape', 'fgggfgggfg', 0, 0, '0', '2023-08-11 07:40:51', '2024-04-27 06:49:45'),
(8, 'APT', 'Aptos', '^(0x)[0-9A-Za-z]{64}$', '200', '/images/coins/apt.svg', 'apt', NULL, NULL, '8', 'apt', NULL, 0, 0, '0', '2023-08-11 07:40:51', '2024-04-27 06:49:45'),
(9, 'ARB', 'Arbitrum', '^(0x)[0-9A-Fa-f]{40}$', '200', '/images/coins/arbitrum.svg', 'arbitrum', '0x912CE59144191C1204E64559FE8253a0e49E6548', '18', '8', 'arb', NULL, 0, 0, '0', '2023-08-11 07:40:52', '2024-04-27 06:49:45'),
(10, 'ARK', 'ARK', '^(A)[A-Za-z0-9]{33}$', '10', '/images/coins/ark.svg', 'ark', NULL, '8', '8', 'ark', NULL, 0, 0, '0', '2023-08-11 07:40:52', '2024-04-27 06:49:45'),
(11, 'ARPA', 'ARPA Chain', '^(0x)[0-9A-Fa-f]{40}$', '151', '/images/coins/arpa.svg', 'eth', '0xba50933c268f567bdc86e1ac131be072c6b0b71a', '18', '8', 'arpa', NULL, 0, 0, '0', '2023-08-11 07:40:52', '2024-04-27 06:49:45'),
(12, 'ARV', 'Ariva', '^(0x)[0-9A-Fa-f]{40}$', '167', '/images/coins/ariva.svg', 'bsc', '0x6679eb24f59dfe111864aec72b443d1da666b360', '8', '8', 'arv', NULL, 0, 0, '0', '2023-08-11 07:40:52', '2024-04-27 06:49:45'),
(13, 'ATLAS', 'Star Atlas', '[1-9A-HJ-NP-Za-km-z]{32,44}', '200', '/images/coins/atlas.svg', 'sol', NULL, NULL, '8', 'atlas', NULL, 0, 0, '0', '2023-08-11 07:40:52', '2024-04-27 06:49:45'),
(14, 'ATOM', 'Cosmos', '^(cosmos1)[0-9a-z]{38}$', '139', '/images/coins/atom.svg', 'atom', NULL, '6', '8', 'atom', NULL, 0, 0, '0', '2023-08-11 07:40:52', '2024-04-27 06:49:45'),
(15, 'AVA', 'Travala.com', '^(bnb1)[0-9a-z]{38}$', '15', '/images/coins/ava.svg', 'bnb', 'AVA-645', '7', '8', 'ava', NULL, 0, 0, '0', '2023-08-11 07:40:52', '2024-04-27 06:49:45'),
(16, 'AVABSC', 'Travala.com', '^(0x)[0-9A-Fa-f]{40}$', '152', '/images/coins/ava.svg', 'bsc', '0x13616f44ba82d63c8c0dc3ff843d36a8ec1c05a9', '18', '8', 'ava', NULL, 0, 0, '0', '2023-08-11 07:40:52', '2024-04-27 06:49:45'),
(17, 'AVAERC20', 'Travala.com', '^(0x)[0-9A-Fa-f]{40}$', '147', '/images/coins/ava.svg', 'eth', '0x442b153f6f61c0c99a33aa4170dcb31e1abda1d0', '18', '8', 'ava', NULL, 0, 0, '0', '2023-08-11 07:40:52', '2024-04-27 06:49:45'),
(18, 'AVAX', 'AVAX', '^(X-avax)[0-9A-za-z]{39}$', '104', '/images/coins/avax.svg', 'xchain', NULL, '9', '8', 'avax', NULL, 0, 0, '0', '2023-08-11 07:40:52', '2024-04-27 06:49:45'),
(19, 'AVAXC', 'Avalanche (C-Chain)', '^(0x)[0-9A-Fa-f]{40}$', '164', '/images/coins/avaxc.svg', 'cchain', NULL, '18', '8', 'avax', NULL, 0, 0, '0', '2023-08-11 07:40:52', '2024-04-27 06:49:45'),
(20, 'AVN', 'AVNRich', '^(0x)[0-9A-Fa-f]{40}$', '165', '/images/coins/avn.svg', 'bsc', '0xbf151f63d8d1287db5fc7a3bc104a9c38124cdeb', '18', '8', 'avn', NULL, 0, 0, '0', '2023-08-11 07:40:52', '2024-04-27 06:49:45'),
(21, 'AXS', 'Axie Infinity', '^(0x)[0-9A-Fa-f]{40}$', '124', '/images/coins/axs.svg', 'eth', '0xbb0e17ef65f82ab018d8edd776e8dd940327b28b', '18', '8', 'axs', NULL, 0, 0, '0', '2023-08-11 07:40:52', '2024-04-27 06:49:45'),
(22, 'BABYDOGE', 'Baby Doge Coin', '^(0x)[0-9A-Fa-f]{40}$', '146', '/images/coins/babydoge.svg', 'bsc', '0xc748673057861a797275cd8a068abb95a902e8de', '9', '8', 'babydoge', NULL, 0, 0, '0', '2023-08-11 07:40:52', '2024-04-27 06:49:45'),
(23, 'BAT', 'Basic Attention Token', '^(0x)[0-9A-Fa-f]{40}$', '32', '/images/coins/bat.svg', 'eth', '0x0d8775f648430679a709e98d2b0cb6250d2887ef', '18', '8', 'bat', NULL, 0, 0, '0', '2023-08-11 07:40:52', '2024-04-27 06:49:45'),
(24, 'BCD', 'Bitcoin Diamond', '^[13][a-km-zA-HJ-NP-Z1-9]{25,34}$', '28', '/images/coins/bcd.svg', 'bcd', NULL, '8', '8', 'bcd', NULL, 0, 0, '0', '2023-08-11 07:40:52', '2024-04-27 06:49:45'),
(25, 'BCH', 'Bitcoin Cash', '^[13][a-km-zA-HJ-NP-Z1-9]{25,34}$|^(bitcoincash:)?[0-9A-Za-z]{42,42}$', '3', '/images/coins/bch.svg', 'bch', NULL, '8', '8', 'bch', 'enterwalletBCH', 1, 1, '0', '2023-08-11 07:40:53', '2024-04-27 06:49:45'),
(26, 'BEAM', 'Beam', '^[A-Za-z0-9]{66,67}$', '34', '/images/coins/beam.svg', 'beam', NULL, NULL, '8', 'beam', NULL, 0, 0, '0', '2023-08-11 07:40:53', '2024-04-27 06:49:45'),
(27, 'BEL', 'Bella Protocol', '^(0x)[0-9A-Fa-f]{40}$', '150', '/images/coins/bel.svg', 'eth', '0xa91ac63d040deb1b7a5e4d4134ad23eb0ba07e14', '18', '8', 'bel', NULL, 0, 0, '0', '2023-08-11 07:40:53', '2024-04-27 06:49:45'),
(28, 'BIFI', 'Beefy Finance', '^(0x)[0-9A-Fa-f]{40}$', '166', '/images/coins/beefy.svg', 'bsc', '0xCa3F508B8e4Dd382eE878A314789373D80A5190A', '18', '8', 'bifi', NULL, 0, 0, '0', '2023-08-11 07:40:53', '2024-04-27 06:49:45'),
(29, 'BLOCKS', 'BLOCKS', '^(0x)[0-9A-Fa-f]{40}$', '164', '/images/coins/blocks.svg', 'eth', '0x8a6d4c8735371ebaf8874fbd518b56edd66024eb', '18', '8', 'blocks', NULL, 0, 0, '0', '2023-08-11 07:40:53', '2024-04-27 06:49:45'),
(30, 'BNBBSC', 'BNBBSC', '^(0x)[0-9A-Fa-f]{40}$', '96', '/images/coins/bnbbsc.svg', 'bsc', NULL, '18', '8', 'bnb', 'enterwalletBNBBSC', 1, 1, '0', '2023-08-11 07:40:53', '2024-04-27 06:49:45'),
(31, 'BNBMAINNET', 'BNBMAINNET', '^(bnb1)[0-9a-z]{38}$', '16', '/images/coins/bnbmainnet.svg', 'bnb', NULL, '8', '8', 'bnb', 'enterwalletBNBMAINNET', 1, 1, '0', '2023-08-11 07:40:53', '2024-04-27 06:49:45'),
(32, 'BOBA', 'Boba Network', '^(0x)[0-9A-Fa-f]{40}$', '201', '/images/coins/boba.svg', 'eth', '0x42bbfa2e77757c645eeaad1655e0911a7553efbc', '18', '8', 'boba', NULL, 0, 0, '0', '2023-08-11 07:40:53', '2024-04-27 06:49:45'),
(33, 'BONE', 'Bone ShibaSwap', '^(0x)[0-9A-Fa-f]{40}$', '193', '/images/coins/bone_eth.svg', 'eth', '0x9813037ee2218799597d83D4a5B6F3b6778218d9', '18', '8', 'bone', NULL, 0, 0, '0', '2023-08-11 07:40:53', '2024-04-27 06:49:45'),
(34, 'BRGBSC', 'Bridge Oracle', '^(0x)[0-9A-Fa-f]{40}$', '200', '/images/coins/brgbsc.svg', 'bsc', '0x6e4a971B81CA58045a2AA982EaA3d50C4Ac38F42', '18', '8', 'brgbsc', NULL, 0, 0, '0', '2023-08-11 07:40:53', '2024-04-27 06:49:45'),
(35, 'BRISE', 'Bitgert Mainnet', '^(0x)[0-9A-Fa-f]{40}$', '200', '/images/coins/brise.svg', 'brise', '0x8fff93e810a2edaafc326edee51071da9d398e83', '9', '8', 'brisemainnet', NULL, 0, 0, '0', '2023-08-11 07:40:53', '2024-04-27 06:49:45'),
(36, 'BRISEMAINNET', 'Bitgert Mainnet', '^(0x)[0-9A-Fa-f]{40}$', '200', '/images/coins/brise.svg', 'brise', NULL, '18', '8', 'brisemainnet', NULL, 0, 0, '0', '2023-08-11 07:40:53', '2024-04-27 06:49:45'),
(37, 'BSV', 'Bitcoin SV', '^[1][a-km-zA-HJ-NP-Z1-9]{25,34}$|^(bitcoincash:)?[0-9A-Za-z]{42,42}$', '200', '/images/coins/bsv.svg', 'bsv', NULL, '8', '8', 'bsv', NULL, 0, 0, '0', '2023-08-11 07:40:53', '2024-04-27 06:49:45'),
(38, 'BTC', 'Bitcoin', '^[13][a-km-zA-HJ-NP-Z1-9]{25,34}$|^(bc1|BC1)[0-9A-Za-z]{39,59}$', '0', '/images/coins/btc.svg', 'btc', NULL, '8', '8', 'btc', 'enterwalletBTC', 1, 1, '1', '2023-08-11 07:40:53', '2024-04-27 06:49:45'),
(39, 'BTFA', 'Banana Task Force Ape', '^(0x)[0-9A-Fa-f]{40}$', '181', '/images/coins/btfa.svg', 'eth', NULL, NULL, '8', 'btfa', NULL, 0, 0, '0', '2023-08-11 07:40:53', '2024-04-27 06:49:45'),
(40, 'BTG', 'Bitcoin Gold', '^[AG][a-km-zA-HJ-NP-Z1-9]{25,34}$', '16', '/images/coins/btg.svg', 'btg', NULL, '8', '8', 'btg', NULL, 0, 0, '0', '2023-08-11 07:40:54', '2024-04-27 06:49:45'),
(41, 'BTTC', 'BitTorrent-New (TRC 20)', '^T[1-9A-HJ-NP-Za-km-z]{33}$', '184', '/images/coins/bttc.svg', 'trx', 'TAFjULxiVgT4qWk6UZwjqwZXTSaGaqnVp4', '18', '8', 'bttc', NULL, 0, 0, '0', '2023-08-11 07:40:54', '2024-04-27 06:49:45'),
(42, 'BTTCBSC', 'BitTorrent-NEW (Binance Smart Chain)', '^(0x)[0-9A-Fa-f]{40}$', '182', '/images/coins/btt.svg', 'bsc', '0x352Cb5E19b12FC216548a2677bD0fce83BaE434B', '18', '8', 'bttc', NULL, 0, 0, '0', '2023-08-11 07:40:54', '2024-04-27 06:49:45'),
(43, 'BUSD', 'BUSD', '^(0x)[0-9A-Fa-f]{40}$', '40', '/images/coins/busd.svg', 'eth', '0x4Fabb145d64652a948d72533023f6E7A623C7C53', '18', '8', 'busd', 'enterwalletBUSD', 1, 1, '0', '2023-08-11 07:40:54', '2024-04-27 06:49:45'),
(44, 'BUSDBSC', 'BUSDBSC', '^(0x)[0-9A-Fa-f]{40}$', '41', '/images/coins/busdbsc.svg', 'bsc', '0xe9e7cea3dedca5984780bafc599bd69add087d56', '18', '2', 'busd', 'enterwalletBUSDBSC', 1, 1, '0', '2023-08-11 07:40:54', '2024-04-27 06:49:45'),
(45, 'C98', 'Coin98', '^(0x)[0-9A-Fa-f]{40}$', '125', '/images/coins/c98.svg', 'bsc', '0xaec945e04baf28b135fa7c640f624f8d90f1c3a6', '18', '8', 'c98', NULL, 0, 0, '0', '2023-08-11 07:40:54', '2024-04-27 06:49:45'),
(46, 'CAKE', 'CAKE', '^(0x)[0-9A-Fa-f]{40}$', '107', '/images/coins/cake.svg', 'bsc', '0x0e09fabb73bd3ade0a17ecc321fd13a19e81ce82', '18', '8', 'cake', NULL, 0, 0, '0', '2023-08-11 07:40:54', '2024-04-27 06:49:45'),
(47, 'CFX', 'Conflux', '^(0x)[0-9A-Fa-f]{40}$', '200', '/images/coins/cfxbsc.svg', 'bsc', NULL, NULL, '8', 'cfx', NULL, 0, 0, '0', '2023-08-11 07:40:54', '2024-04-27 06:49:45'),
(48, 'CHR', 'CHR', '^(0x)[0-9A-Fa-f]{40}$', '99', '/images/coins/chr.svg', 'eth', '0x8a2279d4a90b6fe1c4b30fa660cc9f926797baa2', '6', '8', 'chr', NULL, 0, 0, '0', '2023-08-11 07:40:54', '2024-04-27 06:49:45'),
(49, 'CHZ', 'Chiliz', '^(0x)[0-9A-Fa-f]{40}$', '126', '/images/coins/chz.svg', 'eth', '0x3506424f91fd33084466f402d5d97f05f8e3b4af', '18', '8', 'chz', NULL, 0, 0, '0', '2023-08-11 07:40:54', '2024-04-27 06:49:45'),
(50, 'CNS', 'CentricSwap', '^(0x)[0-9A-Fa-f]{40}$', '135', '/images/coins/cns.svg', 'bsc', '0xF6Cb4ad242BaB681EfFc5dE40f7c8FF921a12d63', '8', '8', 'cns', NULL, 0, 0, '0', '2023-08-11 07:40:54', '2024-04-27 06:49:45'),
(51, 'COTI', 'COTI', '^(0x)[0-9A-Fa-f]{40}$', '15', '/images/coins/coti.svg', 'eth', '0xddb3422497e61e13543bea06989c0789117555c5', '18', '8', 'coti', NULL, 0, 0, '0', '2023-08-11 07:40:54', '2024-04-27 06:49:45'),
(52, 'CRO', 'CRO', '^(0x)[0-9A-Fa-f]{40}$', '15', '/images/coins/cro.svg', 'eth', '0xA0b73E1Ff0B80914AB6fe0444E65848C4C34450b', '18', '8', 'cro', NULL, 0, 0, '0', '2023-08-11 07:40:55', '2024-04-27 06:49:45'),
(53, 'CROMAINNET', 'Cronos(Mainnet)', '^(cro)[0-9A-Za-z]{39}', '200', '/images/coins/cromainnet.svg', 'cro', NULL, NULL, '8', 'cromainnet', NULL, 0, 0, '0', '2023-08-11 07:40:55', '2024-04-27 06:49:45'),
(54, 'CSPR', 'Casper (Mainnet)', '^[A-Za-z0-9]{66,68}$', '200', '/images/coins/cspr.svg', 'cspr', NULL, NULL, '8', 'cspr', NULL, 0, 0, '0', '2023-08-11 07:40:55', '2024-04-27 06:49:45'),
(55, 'CTSI', 'CTSI', '^(0x)[0-9A-Fa-f]{40}$', '40', '/images/coins/ctsi.svg', 'eth', '0x491604c0fdf08347dd1fa4ee062a822a5dd06b5d', '18', '8', 'ctsi', NULL, 0, 0, '0', '2023-08-11 07:40:55', '2024-04-27 06:49:45'),
(56, 'CUDOS', 'Cudos', '^(0x)[0-9A-Fa-f]{40}$', '165', '/images/coins/cudos.svg', 'eth', '0x817bbDbC3e8A1204f3691d14bB44992841e3dB35', '18', '8', 'cudos', NULL, 0, 0, '0', '2023-08-11 07:40:55', '2024-04-27 06:49:45'),
(57, 'CULT', 'Cult DAO', '^(0x)[0-9A-Fa-f]{40}$', '170', '/images/coins/cult.svg', 'eth', '0xf0f9d895aca5c8678f706fb8216fa22957685a13', '18', '8', 'cult', NULL, 0, 0, '0', '2023-08-11 07:40:55', '2024-04-27 06:49:45'),
(58, 'CUSD', 'Celo Dollar', '^(0x)[0-9A-Fa-f]{40}$', '200', '/images/coins/cusd.svg', 'celo', '0x765de816845861e75a25fca122bb6898b8b1282a', '18', '8', 'cusd', NULL, 0, 0, '0', '2023-08-11 07:40:55', '2024-04-27 06:49:45'),
(59, 'CVC', 'Civic', '^(0x)[0-9A-Fa-f]{40}$', '128', '/images/coins/cvc.svg', 'eth', '0x41e5560054824ea6b0732e656e3ad64e20e94e45', '8', '8', 'cvc', NULL, 0, 0, '0', '2023-08-11 07:40:55', '2024-04-27 06:49:45'),
(60, 'DAI', 'DAI', '^(0x)[0-9A-Fa-f]{40}$', '10', '/images/coins/dai.svg', 'eth', '0x6b175474e89094c44da98b954eedeac495271d0f', '18', '2', 'dai', NULL, 0, 0, '0', '2023-08-11 07:40:55', '2024-04-27 06:49:45'),
(61, 'DAIARB', 'DAIARB', '^(0x)[0-9A-Fa-f]{40}$', '200', '/images/coins/daiarb.svg', 'arb', NULL, NULL, '8', 'daiarb', NULL, 0, 0, '0', '2023-08-11 07:40:55', '2024-04-27 06:49:45'),
(62, 'DAO', 'DAO', '^(0x)[0-9A-Fa-f]{40}$', '15', '/images/coins/dao.svg', 'eth', '0x0f51bb10119727a7e5ea3538074fb341f56b09ad', '18', '8', 'dao', NULL, 0, 0, '0', '2023-08-11 07:40:55', '2024-04-27 06:49:45'),
(63, 'DASH', 'Dash', '^[X|7][0-9A-Za-z]{33}$', '19', '/images/coins/dash.svg', 'dash', NULL, '8', '8', 'dash', NULL, 0, 0, '0', '2023-08-11 07:40:55', '2024-04-27 06:49:45'),
(64, 'DCR', 'Decred', '^(Ds|Dc)[0-9A-Za-z]{33}$', '28', '/images/coins/dcr.svg', 'dcr', NULL, '8', '8', 'dcr', NULL, 0, 0, '0', '2023-08-11 07:40:55', '2024-04-27 06:49:45'),
(65, 'DGB', 'DigiByte', '^[DS][a-km-zA-HJ-NP-Z1-9]{25,34}$|^(dgb1)[0-9A-Za-z]', '7', '/images/coins/dgb.svg', 'dgb', NULL, '8', '8', 'dgb', NULL, 0, 0, '0', '2023-08-11 07:40:56', '2024-04-27 06:49:45'),
(66, 'DGD', 'DigixDAO', '^(0x)[0-9A-Fa-f]{40}$', '13', '/images/coins/dgd.svg', 'eth', '0xe0b7927c4af23765cb51314a0e0521a9645f0e2a', '9', '8', 'dgd', NULL, 0, 0, '0', '2023-08-11 07:40:56', '2024-04-27 06:49:45'),
(67, 'DGMOON', 'DogeMoon', '^(0x)[0-9A-Fa-f]{40}$', '187', '/images/coins/dogemoon.svg', 'bsc', '0x18359CF655A444204e46F286eDC445C9D30fFc54', '18', '8', 'dgmoon', NULL, 0, 0, '0', '2023-08-11 07:40:56', '2024-04-27 06:49:45'),
(68, 'DINO', 'DinoLFG', '^(0x)[0-9A-Fa-f]{40}$', '203', '/images/coins/dino.svg', 'eth', '0x49642110B712C1FD7261Bc074105E9E44676c68F', '18', '8', 'dino', NULL, 0, 0, '0', '2023-08-11 07:40:56', '2024-04-27 06:49:45'),
(69, 'DIVI', 'Divi', '^(D)[A-Za-z0-9]{33}$', '194', '/images/coins/divi.svg', 'divi', NULL, '8', '8', NULL, NULL, 0, 0, '0', '2023-08-11 07:40:56', '2024-04-27 06:49:45'),
(70, 'DOGE', 'DOGE', '^(D|A|9)[a-km-zA-HJ-NP-Z1-9]{33,34}$', '10', '/images/coins/doge.svg', 'doge', NULL, '8', '1', 'doge', 'enterwalletDOGE', 1, 1, '0', '2023-08-11 07:40:56', '2024-04-27 06:49:45'),
(71, 'DOGECOIN', 'Buff Doge Coin', '^(0x)[0-9A-Fa-f]{40}$', '188', '/images/coins/dogecoin.svg', 'bsc', '0x23125108bc4c63E4677b2E253Fa498cCb4B3298b', '9', '8', 'dogecoin', NULL, 0, 0, '0', '2023-08-11 07:40:56', '2024-04-27 06:49:45'),
(72, 'DOT', 'POLKADOT', '^1[0-9a-z-A-Z]{45,50}$', '15', '/images/coins/dot.svg', 'dot', NULL, '10', '8', 'dot', 'enterwalletDOT', 1, 1, '0', '2023-08-11 07:40:56', '2024-04-27 06:49:45'),
(73, 'EGLD', 'EGLD', '^(erd)[a-z-A-Z0-9]{59}$', '10', '/images/coins/egld.svg', 'egld', NULL, '18', '8', 'egld', NULL, 0, 0, '0', '2023-08-11 07:40:56', '2024-04-27 06:49:45'),
(74, 'ENJ', 'Enjin Coin', '^(0x)[0-9A-Fa-f]{40}$', '129', '/images/coins/enj.svg', 'eth', '0xf629cbd94d3791c9250152bd8dfbdf380e2a3b9c', '18', '8', 'enj', NULL, 0, 0, '0', '2023-08-11 07:40:56', '2024-04-27 06:49:45'),
(75, 'EOS', 'EOS', '^[1-5a-z\\.]{1,12}$', '11', '/images/coins/eos.svg', 'eos', NULL, NULL, '8', 'eos', NULL, 0, 0, '0', '2023-08-11 07:40:56', '2024-04-27 06:49:45'),
(76, 'EPIC', 'EpicCash', '(es)(\\w{50})(@epicbox.)(\\w+)(.\\w+)', '200', '/images/coins/epic.svg', 'epic', NULL, NULL, '8', 'epic', NULL, 0, 0, '0', '2023-08-11 07:40:56', '2024-04-27 06:49:45'),
(77, 'ETC', 'Ethereum Classic', '^(0x)[0-9A-Fa-f]{40}$', '36', '/images/coins/etc.svg', 'etc', NULL, '18', '8', 'etc', NULL, 0, 0, '0', '2023-08-11 07:40:56', '2024-04-27 06:49:45'),
(78, 'ETH', 'Ethereum', '^(0x)[0-9A-Fa-f]{40}$', '1', '/images/coins/eth.svg', 'eth', NULL, '18', '8', 'eth', 'enterwalletETH', 1, 1, '1', '2023-08-11 07:40:56', '2024-04-27 06:49:45'),
(79, 'ETHARB', 'Ethereum (Arbitrum)', '^(0x)[0-9A-Fa-f]{40}$', '200', '/images/coins/etharbitrum.svg', 'arbitrum', NULL, '18', '8', 'etharb', NULL, 0, 0, '0', '2023-08-11 07:40:56', '2024-04-27 06:49:45'),
(80, 'ETHBSC', 'Ethereum (Binance Smart Chain)', '^(0x)[0-9A-Fa-f]{40}$', '177', '/images/coins/eth.svg', 'bsc', '0x2170ed0880ac9a755fd29b2688956bd959f933f8', '18', '8', 'eth', NULL, 0, 0, '0', '2023-08-11 07:40:56', '2024-04-27 06:49:45'),
(81, 'ETHW', 'EthereumPoW', '^(0x)[0-9A-Fa-f]{40}$', '188', '/images/coins/ethw.svg', 'ethw', NULL, '18', '8', 'ethw', NULL, 0, 0, '0', '2023-08-11 07:40:57', '2024-04-27 06:49:45'),
(82, 'EURT', 'EURO Tether', '^(0x)[0-9A-Fa-f]{40}$', '200', '/images/coins/eurt.svg', 'eth', NULL, NULL, '8', 'eurt', NULL, 0, 0, '0', '2023-08-11 07:40:57', '2024-04-27 06:49:45'),
(83, 'FEG', 'FEG Token', '^(0x)[0-9A-Fa-f]{40}$', '122', '/images/coins/feg.svg', 'eth', NULL, NULL, '8', 'feg', NULL, 0, 0, '0', '2023-08-11 07:40:57', '2024-04-27 06:49:45'),
(84, 'FIL', 'Filecoin', '^[a-z0-9]{41}$|[a-z0-9]{86}$', '10', '/images/coins/fil.svg', 'fil', NULL, '18', '8', 'fil', NULL, 0, 0, '0', '2023-08-11 07:40:57', '2024-04-27 06:49:45'),
(85, 'FIRO', 'FIRO', '^[a|Z|3|4][0-9A-za-z]{33}$', '25', '/images/coins/firo.svg', 'firo', NULL, '8', '8', 'firo', NULL, 0, 0, '0', '2023-08-11 07:40:57', '2024-04-27 06:49:45'),
(86, 'FITFI', 'Step App (AVAXC)', '^(0x)[0-9A-Fa-f]{40}$', '200', '/images/coins/fitfi.svg', 'avaxc', '0x714f020C54cc9D104B6F4f6998C63ce2a31D1888', '18', '8', 'fitfi', NULL, 0, 0, '0', '2023-08-11 07:40:57', '2024-04-27 06:49:45'),
(87, 'FLOKI', 'Floki (ERC20)', '^(0x)[0-9A-Fa-f]{40}$', '132', '/images/coins/floki.svg', 'eth', '0xcf0C122c6b73ff809C693DB761e7BaeBe62b6a2E', '9', '8', 'floki', NULL, 0, 0, '0', '2023-08-11 07:40:57', '2024-04-27 06:49:45'),
(88, 'FLOKIBSC', 'Floki (BSC)', '^(0x)[0-9A-Fa-f]{40}$', '188', '/images/coins/floki.svg', 'bsc', '0xfb5B838b6cfEEdC2873aB27866079AC55363D37E', '9', '8', 'floki', NULL, 0, 0, '0', '2023-08-11 07:40:57', '2024-04-27 06:49:45'),
(89, 'FLUF', 'Fluffy Coin', '^(0x)[0-9A-Fa-f]{40}$', '155', '/images/coins/fluf.svg', 'bsc', '0xa3abe68db1b8467b44715eb94542b20dc134f005', '18', '8', 'fluf', NULL, 0, 0, '0', '2023-08-11 07:40:57', '2024-04-27 06:49:45'),
(90, 'FRONT', 'FRONT', '^(0x)[0-9A-Fa-f]{40}$', '11', '/images/coins/front.svg', 'eth', '0xf8C3527CC04340b208C854E985240c02F7B7793f', '18', '8', 'front', NULL, 0, 0, '0', '2023-08-11 07:40:57', '2024-04-27 06:49:45'),
(91, 'FTM', 'FTM', '^(0x)[0-9A-Fa-f]{40}$', '11', '/images/coins/ftm.svg', 'eth', '0x4e15361fd6b4bb609fa63c81a2be19d873717870', '18', '8', 'ftm', NULL, 0, 0, '0', '2023-08-11 07:40:57', '2024-04-27 06:49:45'),
(92, 'FTMMAINNET', 'FTMMAINNET', '^(0x)[0-9A-Fa-f]{40}$', '12', '/images/coins/ftm.svg', 'ftm', NULL, '18', '8', 'ftm', NULL, 0, 0, '0', '2023-08-11 07:40:57', '2024-04-27 06:49:45'),
(93, 'FTT', 'FTT', '^(0x)[0-9A-Fa-f]{40}$', '100', '/images/coins/ftt.svg', 'eth', '0x50d1c9771902476076ecfc8b2a83ad6b9355a4c9', '18', '8', 'ftt', NULL, 0, 0, '0', '2023-08-11 07:40:57', '2024-04-27 06:49:45'),
(94, 'FUN', 'FUNToken', '^(0x)[0-9A-Fa-f]{40}$', '12', '/images/coins/fun.svg', 'eth', '0x419D0d8BdD9aF5e606Ae2232ed285Aff190E711b', '8', '8', 'fun', NULL, 0, 0, '0', '2023-08-11 07:40:57', '2024-04-27 06:49:45'),
(95, 'GAFA', 'Gafa', '^(0x)[0-9A-Fa-f]{40}$', '180', '/images/coins/gafa.svg', 'bsc', '0x495205d4c6307A73595C5C11B44Bee9B3418Ac69', '9', '8', 'gafa', NULL, 0, 0, '0', '2023-08-11 07:40:57', '2024-04-27 06:49:45'),
(96, 'GAL', 'Project Galaxy', '^(0x)[0-9A-Fa-f]{40}$', '185', '/images/coins/gal.svg', 'bsc', '0xe4Cc45Bb5DBDA06dB6183E8bf016569f40497Aa5', '18', '8', 'gal', NULL, 0, 0, '0', '2023-08-11 07:40:57', '2024-04-27 06:49:45'),
(97, 'GALAERC20', 'GALAERC20', '^(0x)[0-9A-Fa-f]{40}$', '160', '/images/coins/galaerc20.svg', 'eth', '0x15D4c048F83bd7e37d49eA4C83a07267Ec4203dA', '8', '8', 'gala', NULL, 0, 0, '0', '2023-08-11 07:40:57', '2024-04-27 06:49:45'),
(98, 'GARI', 'Gari', '^[1-9A-HJ-NP-Za-km-z]{32,44}$', '200', '/images/coins/gari.svg', 'sol', 'CKaKtYvz6dKPyMvYq9Rh3UBrnNqYZAyd7iF4hJtjUvks', '9', '8', 'gari', NULL, 0, 0, '0', '2023-08-11 07:40:57', '2024-04-27 06:49:45'),
(99, 'GAS', 'NeoGas', '^(A)[A-Za-z0-9]{33}$', '14', '/images/coins/gas.svg', 'neo', NULL, '8', '8', 'gas', NULL, 0, 0, '0', '2023-08-11 07:40:57', '2024-04-27 06:49:45'),
(100, 'GETH', 'Guarded Ether (ERC20)', '^(0x)[0-9A-Fa-f]{40}$', '200', '/images/coins/geth.svg', 'eth', NULL, NULL, '8', 'geth', NULL, 0, 0, '0', '2023-08-11 07:40:58', '2024-04-27 06:49:45'),
(101, 'GGTKN', 'GG TOKEN', '^(0x)[0-9A-Fa-f]{40}$', '188', '/images/coins/ggtkn.svg', 'bsc', '0x1f7e8fe01aeba6fdaea85161746f4d53dc9bda4f', '18', '8', 'ggtkn', NULL, 0, 0, '0', '2023-08-11 07:40:58', '2024-04-27 06:49:45'),
(102, 'GHC', 'Galaxy Heroes Coin', '^(0x)[0-9A-Fa-f]{40}$', '175', '/images/coins/ghc.svg', 'bsc', '0xd10Fe9d371C22416df34340287cd5D9029842Fc3', '18', '8', 'ghc', NULL, 0, 0, '0', '2023-08-11 07:40:58', '2024-04-27 06:49:45'),
(103, 'GRS', 'Groestlcoin', '^(F|3)[0-9A-za-z]{33}$', '15', '/images/coins/grs.svg', 'grs', NULL, NULL, '8', 'grs', NULL, 0, 0, '0', '2023-08-11 07:40:58', '2024-04-27 06:49:45'),
(104, 'GRT', 'The Graph', '^(0x)[0-9A-Fa-f]{40}$', '130', '/images/coins/grt.svg', 'eth', '0xc944e90c64b2c07662a292be6244bdf05cda44a7', '18', '8', 'grt', NULL, 0, 0, '0', '2023-08-11 07:40:58', '2024-04-27 06:49:45'),
(105, 'GSPI', 'Shopping.io Governance', '^(0x)[0-9A-Fa-f]{40}$', '137', '/images/coins/gspi.svg', 'bsc', NULL, NULL, '8', NULL, NULL, 0, 0, '0', '2023-08-11 07:40:58', '2024-04-27 06:49:45'),
(106, 'GT', 'Gatechain Token', '^(0x)[0-9A-Fa-f]{40}$', '10', '/images/coins/gt.svg', 'eth', '0xe66747a101bff2dba3697199dcce5b743b454759', '18', '8', 'gt', NULL, 0, 0, '0', '2023-08-11 07:40:58', '2024-04-27 06:49:45'),
(107, 'GUARD', 'Guardian', '^(0x)[0-9A-Fa-f]{40}$', '188', '/images/coins/guard.svg', 'bsc', '0xf606bd19b1e61574ed625d9ea96c841d4e247a32', '18', '8', 'guard', NULL, 0, 0, '0', '2023-08-11 07:40:58', '2024-04-27 06:49:45'),
(108, 'GUSD', 'GUSD', '^(0x)[0-9A-Fa-f]{40}$', '95', '/images/coins/gusd.svg', 'eth', '0x056Fd409E1d7A124BD7017459dFEa2F387b6d5Cd', '2', '8', 'gusd', NULL, 0, 0, '0', '2023-08-11 07:40:58', '2024-04-27 06:49:45'),
(109, 'HBAR', 'HBAR', '^0\\.0\\.\\d{1,7}$', '11', '/images/coins/hbar.svg', 'hbar', NULL, '6', '8', 'hbar', NULL, 0, 0, '0', '2023-08-11 07:40:58', '2024-04-27 06:49:45'),
(110, 'HEX', 'Hex', '^(0x)[0-9A-Fa-f]{40}$', '200', '/images/coins/hex.svg', 'eth', NULL, NULL, '8', 'hex', NULL, 0, 0, '0', '2023-08-11 07:40:58', '2024-04-27 06:49:45'),
(111, 'HOGE', 'HOGE', '^(0x)[0-9A-Fa-f]{40}$', '93', '/images/coins/hoge.svg', 'eth', '0xfad45e47083e4607302aa43c65fb3106f1cd7607', '9', '8', 'hoge', NULL, 0, 0, '0', '2023-08-11 07:40:58', '2024-04-27 06:49:45'),
(112, 'HOT', 'HOT', '^(0x)[0-9A-Fa-f]{40}$', '112', '/images/coins/hot.svg', 'eth', '0x6c6ee5e31d828de241282b9606c8e98ea48526e2', '18', '8', 'hot', NULL, 0, 0, '0', '2023-08-11 07:40:58', '2024-04-27 06:49:45'),
(113, 'HOTCROSS', 'Hot Cross', '^(0x)[0-9A-Fa-f]{40}$', '176', '/images/coins/hotcross.svg', 'bsc', '0x4FA7163E153419E0E1064e418dd7A99314Ed27b6', '18', '8', 'hotcross', NULL, 0, 0, '0', '2023-08-11 07:40:58', '2024-04-27 06:49:45'),
(114, 'HT', 'Huobi Token', '^(0x)[0-9A-Fa-f]{40}$', '31', '/images/coins/ht.svg', 'eth', '0x6f259637dcd74c767781e37bc6133cd6a68aa161', '18', '8', 'ht', NULL, 0, 0, '0', '2023-08-11 07:40:59', '2024-04-27 06:49:45'),
(115, 'ICX', 'ICON', '^(hx)[A-Za-z0-9]{40}$', '40', '/images/coins/icx.svg', 'icx', NULL, '18', '8', 'icx', NULL, 0, 0, '0', '2023-08-11 07:40:59', '2024-04-27 06:49:45'),
(116, 'ID', 'Space ID', '^(0x)[0-9A-Fa-f]{40}$', '200', '/images/coins/id.svg', 'eth', NULL, NULL, '8', 'space-id', NULL, 0, 0, '0', '2023-08-11 07:40:59', '2024-04-27 06:49:45'),
(117, 'IDBSC', 'Space ID', '^(0x)[0-9A-Fa-f]{40}$', '200', '/images/coins/idbsc.svg', 'bsc', NULL, NULL, '8', 'space-id', NULL, 0, 0, '0', '2023-08-11 07:40:59', '2024-04-27 06:49:45'),
(118, 'ILV', 'Illuvium', '^(0x)[0-9A-Fa-f]{40}$', '167', '/images/coins/ilv.svg', 'eth', '0x767fe9edc9e0df98e07454847909b5e959d7ca0e', '18', '8', 'ilv', NULL, 0, 0, '0', '2023-08-11 07:40:59', '2024-04-27 06:49:45'),
(119, 'IOTA', 'IOTA', '^(iota)[0-9a-z]{60}$', '111', '/images/coins/miota.svg', 'iota', NULL, '6', '8', 'iota', NULL, 0, 0, '0', '2023-08-11 07:40:59', '2024-04-27 06:49:45'),
(120, 'IOTX', 'IOTX', 'io1[qpzry9x8gf2tvdw0s3jn54khce6mua7l]{38}', '108', '/images/coins/iotx.svg', 'iotx', NULL, '18', '8', 'iotx', NULL, 0, 0, '0', '2023-08-11 07:40:59', '2024-04-27 06:49:45'),
(121, 'JASMY', 'JasmyCoin', '^(0x)[0-9A-Fa-f]{40}$', '200', '/images/coins/jasmy.svg', 'eth', '0x7420B4b9a0110cdC71fB720908340C03F9Bc03EC', '18', '8', 'jasmy', NULL, 0, 0, '0', '2023-08-11 07:40:59', '2024-04-27 06:49:45'),
(122, 'JST', 'Just', '^T[1-9A-HJ-NP-Za-km-z]{33}$', '200', '/images/coins/jsttrc20.svg', 'trx', NULL, NULL, '8', 'jst', NULL, 0, 0, '0', '2023-08-11 07:40:59', '2024-04-27 06:49:45'),
(123, 'KAS', 'Kaspa', '^(kaspa:)[0-9a-z]{60,71}$', '200', '/images/coins/kas.svg', 'kas', NULL, NULL, '8', 'kas', NULL, 0, 0, '0', '2023-08-11 07:40:59', '2024-04-27 06:49:45'),
(124, 'KEANU', 'KEANU', '^(0x)[0-9A-Fa-f]{40}$', '107', '/images/coins/keanu.svg', 'eth', '0x106552c11272420aad5d7e94f8acab9095a6c952', '9', '8', 'keanu', NULL, 0, 0, '0', '2023-08-11 07:40:59', '2024-04-27 06:49:45'),
(125, 'KIBA', 'Kiba Inu (ERC20)', '^(0x)[0-9A-Fa-f]{40}$', '167', '/images/coins/kiba.svg', 'eth', '0x005D1123878Fc55fbd56b54C73963b234a64af3c', '9', '8', 'kiba', NULL, 0, 0, '0', '2023-08-11 07:40:59', '2024-04-27 06:49:45'),
(126, 'KIBABSC', 'Kiba Inu (BSC)', '^(0x)[0-9A-Fa-f]{40}$', '161', '/images/coins/kiba.svg', 'bsc', '0xC3afDe95B6Eb9ba8553cDAea6645D45fB3a7FAF5', '18', '8', 'kiba', NULL, 0, 0, '0', '2023-08-11 07:40:59', '2024-04-27 06:49:45'),
(127, 'KISHU', 'KISHU', '^(0x)[0-9A-Fa-f]{40}$', '102', '/images/coins/kishu.svg', 'eth', '0xA2b4C0Af19cC16a6CfAcCe81F192B024d625817D', '9', '8', 'kishu', NULL, 0, 0, '0', '2023-08-11 07:40:59', '2024-04-27 06:49:45'),
(128, 'KLAY', 'Klaytn', '^(0x)[0-9A-Fa-f]{40}$', '159', '/images/coins/klay.svg', 'klay', NULL, '18', '8', 'klay', NULL, 0, 0, '0', '2023-08-11 07:40:59', '2024-04-27 06:49:45'),
(129, 'KLV', 'KLV', '^T[1-9A-HJ-NP-Za-km-z]{33}$', '92', '/images/coins/klv.svg', 'trx', 'TVj7RNVHy6thbM7BWdSe9G6gXwKhjhdNZS', '6', '8', 'klv', NULL, 0, 0, '0', '2023-08-11 07:40:59', '2024-04-27 06:49:45'),
(130, 'KLVMAINNET', 'Klever', '^(klv1)[0-9a-z]{58}$', '200', '/images/coins/klv.svg', 'klv', NULL, NULL, '8', 'klvmainnet', NULL, 0, 0, '0', '2023-08-11 07:41:00', '2024-04-27 06:49:45'),
(131, 'KMD', 'Komodo', '^(R)[A-Za-z0-9]{33}$', '33', '/images/coins/kmd.svg', 'kmd', NULL, '8', '8', 'kmd', NULL, 0, 0, '0', '2023-08-11 07:41:00', '2024-04-27 06:49:45'),
(132, 'KNC', 'Kyber Network Crystal', '^(0x)[0-9A-Fa-f]{40}$', '123', '/images/coins/knc.svg', 'eth', '0xdd974d5c2e2928dea5f71b9825b8b646686bd200', '18', '8', 'knc', NULL, 0, 0, '0', '2023-08-11 07:41:00', '2024-04-27 06:49:45'),
(133, 'LEASH', 'Doge Killer', '^(0x)[0-9A-Fa-f]{40}$', '131', '/images/coins/leash.svg', 'eth', '0x27c70cd1946795b66be9d954418546998b546634', '18', '8', 'leash', NULL, 0, 0, '0', '2023-08-11 07:41:00', '2024-04-27 06:49:45'),
(134, 'LGCY', 'LGCY', '^(0x)[0-9A-Fa-f]{40}$', '15', '/images/coins/lgcy.svg', 'eth', '0xae697f994fc5ebc000f8e22ebffee04612f98a0d', '18', '8', 'lgcy', NULL, 0, 0, '0', '2023-08-11 07:41:00', '2024-04-27 06:49:45'),
(135, 'LINK', 'Chainlink', '^(0x)[0-9A-Fa-f]{40}$', '10', '/images/coins/link.svg', 'eth', '0x514910771af9ca656af840dff83e8264ecf986ca', '18', '8', 'link', NULL, 0, 0, '0', '2023-08-11 07:41:00', '2024-04-27 06:49:45'),
(136, 'LSK', 'Lisk', '^(lsk)[0-9A-Za-z]{38}$', '15', '/images/coins/lsk.svg', 'lsk', NULL, '8', '8', 'lsk', NULL, 0, 0, '0', '2023-08-11 07:41:00', '2024-04-27 06:49:45'),
(137, 'LTC', 'Litecoin', '^(L|M|3)[A-Za-z0-9]{33}$|^(ltc1)[0-9A-Za-z]{39}$', '2', '/images/coins/ltc.svg', 'ltc', NULL, '8', '8', 'ltc', 'enterwalletLTC', 1, 1, '0', '2023-08-11 07:41:00', '2024-04-27 06:49:45'),
(138, 'LUNA', 'Terra', '^(terra1)[0-9a-z]{38}$', '120', '/images/coins/luna.svg', 'luna', NULL, '6', '8', 'luna', 'enterwalletLUNA', 1, 1, '0', '2023-08-11 07:41:00', '2024-04-27 06:49:45'),
(139, 'LUNC', 'Terra Classic', '^(terra1)[0-9a-z]{38}$', '100', '/images/coins/lunc.svg', 'lunc', NULL, '6', '8', 'lunc', NULL, 0, 0, '0', '2023-08-11 07:41:00', '2024-04-27 06:49:45'),
(140, 'MANA', 'MANA', '^(0x)[0-9A-Fa-f]{40}$', '12', '/images/coins/mana.svg', 'eth', '0x0f5d2fb29fb7d3cfee444a200298f468908cc942', '18', '8', 'mana', NULL, 0, 0, '0', '2023-08-11 07:41:00', '2024-04-27 06:49:45'),
(141, 'MARSH', 'Unmarshal', '^(0x)[0-9A-Fa-f]{40}$', '166', '/images/coins/marsh.svg', 'bsc', '0x2FA5dAF6Fe0708fBD63b1A7D1592577284f52256', '18', '8', 'marsh', NULL, 0, 0, '0', '2023-08-11 07:41:00', '2024-04-27 06:49:45'),
(142, 'MATIC', 'MATIC', '^(0x)[0-9A-Fa-f]{40}$', '40', '/images/coins/matic.svg', 'eth', '0x7D1AfA7B718fb893dB30A3aBc0Cfc608AaCfeBB0', '18', '8', 'matic', NULL, 0, 0, '0', '2023-08-11 07:41:00', '2024-04-27 06:49:45'),
(143, 'MATICMAINNET', 'MATICMAINNET', '^(0x)[0-9A-Fa-f]{40}$', '161', '/images/coins/matic.svg', 'matic', NULL, '18', '8', 'matic', NULL, 0, 0, '0', '2023-08-11 07:41:00', '2024-04-27 06:49:45'),
(144, 'MCO', 'MCO', '^(0x)[0-9A-Fa-f]{40}$', '14', '/images/coins/mco.svg', 'eth', '0xa0b73e1ff0b80914ab6fe0444e65848c4c34450b', '8', '8', NULL, NULL, 0, 0, '0', '2023-08-11 07:41:00', '2024-04-27 06:49:45'),
(145, 'MX', 'MX', '^(0x)[0-9A-Fa-f]{40}$', '114', '/images/coins/mx.svg', 'eth', '0x11eef04c884e24d9b7b4760e7476d06ddf797f36', '18', '8', 'mx', NULL, 0, 0, '0', '2023-08-11 07:41:00', '2024-04-27 06:49:45'),
(146, 'NANO', 'Nano', '^(xrb_|nano_)[13456789abcdefghijkmnopqrstuwxyz]{60}', '35', '/images/coins/nano.svg', 'nano', NULL, '30', '8', 'xno', NULL, 0, 0, '0', '2023-08-11 07:41:00', '2024-04-27 06:49:45'),
(147, 'NEAR', 'Near', '^(0x)[0-9A-Fa-f]{40}$', '154', '/images/coins/near.svg', 'near', NULL, '24', '8', 'near', NULL, 0, 0, '0', '2023-08-11 07:41:01', '2024-04-27 06:49:45'),
(148, 'NEO', 'NEO', '^(A)[A-Za-z0-9]{33}$', '24', '/images/coins/neo.svg', 'neo', NULL, '0', '8', 'neo', NULL, 0, 0, '0', '2023-08-11 07:41:01', '2024-04-27 06:49:45'),
(149, 'NFTB', 'NFTb', '^(0x)[0-9A-Fa-f]{40}$', '163', '/images/coins/nftb.svg', 'bsc', '0xde3dbbe30cfa9f437b293294d1fd64b26045c71a', '18', '8', 'nftb', NULL, 0, 0, '0', '2023-08-11 07:41:01', '2024-04-27 06:49:45'),
(150, 'NOW', 'ChangeNOW', '^(0x)[0-9A-Fa-f]{40}$', '80', '/images/coins/now.svg', 'eth', '0xe9a95d175a5f4c9369f3b74222402eb1b837693b', '8', '8', 'now', NULL, 0, 0, '0', '2023-08-11 07:41:01', '2024-04-27 06:49:45'),
(151, 'NPXS', 'Pundi-x', '^(0x)[0-9A-Fa-f]{40}$', '15', '/images/coins/npxs.svg', 'eth', '0xa15c7ebe1f07caf6bff097d8a589fb8ac49ae5b3', '18', '8', 'npxs', NULL, 0, 0, '0', '2023-08-11 07:41:01', '2024-04-27 06:49:45'),
(152, 'NTVRK', 'Netvrk', '^(0x)[0-9A-Fa-f]{40}$', '157', '/images/coins/ntvrk.png', 'eth', '0xfc0d6cf33e38bce7ca7d89c0e292274031b7157a', '18', '8', 'ntvrk', NULL, 0, 0, '0', '2023-08-11 07:41:01', '2024-04-27 06:49:45'),
(153, 'NWC', 'NWC', '^(0x)[0-9A-Fa-f]{40}$', '101', '/images/coins/nwc.svg', 'eth', '0x968f6f898a6df937fc1859b323ac2f14643e3fed', '18', '8', 'nwc', NULL, 0, 0, '0', '2023-08-11 07:41:01', '2024-04-27 06:49:45'),
(154, 'OCEAN', 'OCEAN', '^(0x)[0-9A-Fa-f]{40}$', '15', '/images/coins/ocean.svg', 'eth', '0x967da4048cd07ab37855c090aaf366e4ce1b9f48', '18', '8', 'ocean', NULL, 0, 0, '0', '2023-08-11 07:41:01', '2024-04-27 06:49:45'),
(155, 'OKB', 'OKB', '^(0x)[0-9A-Fa-f]{40}$', '15', '/images/coins/okb.svg', 'eth', '0x75231f58b43240c9718dd58b4967c5114342a86c', '18', '8', 'okb', NULL, 0, 0, '0', '2023-08-11 07:41:01', '2024-04-27 06:49:45'),
(156, 'OM', 'OM', '^(0x)[0-9A-Fa-f]{40}$', '90', '/images/coins/om.svg', 'eth', '0x3593d125a4f7849a1b059e64f4517a86dd60c95d', '18', '8', 'om', NULL, 0, 0, '0', '2023-08-11 07:41:01', '2024-04-27 06:49:45'),
(157, 'OMG', 'OMG Network', '^(0x)[0-9A-Fa-f]{40}$', '134', '/images/coins/omg.svg', 'eth', '0xd26114cd6EE289AccF82350c8d8487fedB8A0C07', '18', '8', 'omg', NULL, 0, 0, '0', '2023-08-11 07:41:01', '2024-04-27 06:49:45'),
(158, 'ONE', 'ONE', '^(one1)[a-z0-9]{38}$', '40', '/images/coins/one.svg', 'one', NULL, '18', '8', 'one', NULL, 0, 0, '0', '2023-08-11 07:41:01', '2024-04-27 06:49:45'),
(159, 'ONIGI', 'Onigiri Neko', '^(0x)[0-9A-Fa-f]{40}$', '200', '/images/coins/onigiri.svg', 'eth', '0xb4615AAD766f6De3c55330099E907fF7F13f1582', '9', '8', 'onigi', NULL, 0, 0, '0', '2023-08-11 07:41:01', '2024-04-27 06:49:45'),
(160, 'ONT', 'Ontology', '^(A)[A-Za-z0-9]{33}$', '15', '/images/coins/ont.svg', 'ont', NULL, '8', '8', 'ont', NULL, 0, 0, '0', '2023-08-11 07:41:01', '2024-04-27 06:49:45'),
(161, 'PAX', 'Paxos', '^(0x)[0-9A-Fa-f]{40}$', '27', '/images/coins/pax.svg', 'eth', '0x8E870D67F660D95d5be530380D0eC0bd388289E1', '18', '8', 'pax', NULL, 0, 0, '0', '2023-08-11 07:41:01', '2024-04-27 06:49:45'),
(162, 'PIKA', 'Pika', '^(0x)[0-9A-Fa-f]{40}$', '178', '/images/coins/pika.svg', 'eth', '0x60F5672A271C7E39E787427A18353ba59A4A3578', '18', '8', 'pika', NULL, 0, 0, '0', '2023-08-11 07:41:01', '2024-04-27 06:49:45'),
(163, 'PIT', 'PITBULL', '^(0x)[0-9A-Fa-f]{40}$', '162', '/images/coins/pitbull.svg', 'bsc', '0xA57ac35CE91Ee92CaEfAA8dc04140C8e232c2E50', '9', '8', 'pit', NULL, 0, 0, '0', '2023-08-11 07:41:01', '2024-04-27 06:49:45'),
(164, 'PIVX', 'Pivx', '^(D)[0-9A-za-z]{33}$', '200', '/images/coins/pivx.svg', 'pivx', NULL, NULL, '8', 'pivx', NULL, 0, 0, '0', '2023-08-11 07:41:02', '2024-04-27 06:49:45'),
(165, 'PLS', 'Pulsechain', '^(0x)[0-9A-Fa-f]{40}$', '200', '/images/coins/pls.svg', 'pulse', NULL, NULL, '8', 'pls', NULL, 0, 0, '0', '2023-08-11 07:41:02', '2024-04-27 06:49:45'),
(166, 'POODL', 'Poodl Token', '^(0x)[0-9A-Fa-f]{40}$', '149', '/images/coins/poodl.svg', 'bsc', '0x4a68c250486a116dc8d6a0c5b0677de07cc09c5d', '9', '8', 'poodl', NULL, 0, 0, '0', '2023-08-11 07:41:02', '2024-04-27 06:49:45'),
(167, 'POOLX', 'Poolz Finance', '^(0x)[0-9A-Fa-f]{40}$', '200', '/images/coins/poolx.svg', 'bsc', '0xbAeA9aBA1454DF334943951d51116aE342eAB255', '18', '8', 'poolx', NULL, 0, 0, '0', '2023-08-11 07:41:02', '2024-04-27 06:49:45'),
(168, 'POOLZ', 'Poolz Finance', '^(0x)[0-9A-Fa-f]{40}$', '163', '/images/coins/poolz.svg', 'bsc', NULL, NULL, '8', 'poolz', NULL, 0, 0, '0', '2023-08-11 07:41:02', '2024-04-27 06:49:45'),
(169, 'QTUM', 'Qtum', '^[Q|M][A-Za-z0-9]{33}$', '30', '/images/coins/qtum.svg', 'qtum', NULL, '8', '8', 'qtum', NULL, 0, 0, '0', '2023-08-11 07:41:02', '2024-04-27 06:49:45'),
(170, 'QUACK', 'RichQuack', '^(0x)[0-9A-Fa-f]{40}$', '190', '/images/coins/quack.svg', 'bsc', '0xD74b782E05AA25c50e7330Af541d46E18f36661C', '9', '8', 'quack', NULL, 0, 0, '0', '2023-08-11 07:41:02', '2024-04-27 06:49:45'),
(171, 'RACA', 'Radio Caca', '^(0x)[0-9A-Fa-f]{40}$', '158', '/images/coins/raca.svg', 'bsc', '0x12BB890508c125661E03b09EC06E404bc9289040', '18', '8', 'raca', NULL, 0, 0, '0', '2023-08-11 07:41:02', '2024-04-27 06:49:45'),
(172, 'RBIF', 'Robo Inu Finance', '^(0x)[0-9A-Fa-f]{40}$', '163', '/images/coins/rbif.svg', 'eth', '0x7b32e70e8d73ac87c1b342e063528b2930b15ceb', '9', '8', 'rbif', NULL, 0, 0, '0', '2023-08-11 07:41:02', '2024-04-27 06:49:45'),
(173, 'REP', 'Augur', '^(0x)[0-9A-Fa-f]{40}$', '15', '/images/coins/rep.svg', 'eth', '0x221657776846890989a759ba2973e427dff5c9bb', '18', '8', 'rep', NULL, 0, 0, '0', '2023-08-11 07:41:02', '2024-04-27 06:49:45'),
(174, 'RJV', 'Rejuve.AI', '^(0x)[0-9A-Fa-f]{40}$', '200', '/images/coins/rjv.svg', 'eth', NULL, NULL, '8', 'rjv', NULL, 0, 0, '0', '2023-08-11 07:41:02', '2024-04-27 06:49:45'),
(175, 'RUNE', 'THORChain', '^thor[0-9a-zA-Z]{39}$', '200', '/images/coins/rune.svg', 'rune', NULL, NULL, '8', 'rune', NULL, 0, 0, '0', '2023-08-11 07:41:02', '2024-04-27 06:49:45'),
(176, 'RVN', 'RVN', '^R[A-Za-z0-9]{33}$', '10', '/images/coins/rvn.svg', 'rvn', NULL, '8', '8', 'rvn', NULL, 0, 0, '0', '2023-08-11 07:41:02', '2024-04-27 06:49:45'),
(177, 'RXCG', 'RXCGames', '^(0x)[0-9A-Fa-f]{40}$', '144', '/images/coins/rxcg.svg', 'bsc', NULL, NULL, '8', NULL, NULL, 0, 0, '0', '2023-08-11 07:41:02', '2024-04-27 06:49:45'),
(178, 'SAND', 'SAND', '^(0x)[0-9A-Fa-f]{40}$', '40', '/images/coins/sand.svg', 'eth', '0x3845badAde8e6dFF049820680d1F14bD3903a5d0', '18', '8', 'sand', NULL, 0, 0, '0', '2023-08-11 07:41:02', '2024-04-27 06:49:45'),
(179, 'SFUND', 'Seedify.fund', '^(0x)[0-9A-Fa-f]{40}$', '158', '/images/coins/sfund.png', 'bsc', '0x477bc8d23c634c154061869478bce96be6045d12', '18', '8', 'sfund', NULL, 0, 0, '0', '2023-08-11 07:41:02', '2024-04-27 06:49:45'),
(180, 'SHIB', 'Shiba Inu', '^(0x)[0-9A-Fa-f]{40}$', '10', '/images/coins/shib.svg', 'eth', '0x95ad61b0a150d79219dcf64e1e6cc01f0b64c4ce', '18', '0', 'shib', 'enterwalletSHIB', 1, 1, '0', '2023-08-11 07:41:02', '2024-04-27 06:49:45'),
(181, 'SHIBBSC', 'Shiba Inu (BSC)', '^(0x)[0-9A-Fa-f]{40}$', '164', '/images/coins/shib.svg', 'bsc', '0x2859e4544C4bB03966803b044A93563Bd2D0DD4D', '18', '8', 'shib', NULL, 0, 0, '0', '2023-08-11 07:41:03', '2024-04-27 06:49:45'),
(182, 'SOL', 'SOL', '[1-9A-HJ-NP-Za-km-z]{32,44}', '40', '/images/coins/sol.svg', 'sol', NULL, '9', '8', 'sol', 'enterwalletSOL', 1, 1, '0', '2023-08-11 07:41:03', '2024-04-27 06:49:45'),
(183, 'SPI', 'Shopping.io', '^(0x)[0-9A-Fa-f]{40}$', '140', '/images/coins/spi.svg', 'eth', NULL, NULL, '8', NULL, NULL, 0, 0, '0', '2023-08-11 07:41:03', '2024-04-27 06:49:45'),
(184, 'SRK', 'SRK', '^(0x)[0-9A-Fa-f]{40}$', '94', '/images/coins/srk.svg', 'eth', '0x0488401c3f535193fa8df029d9ffe615a06e74e6', '18', '8', 'srk', NULL, 0, 0, '0', '2023-08-11 07:41:03', '2024-04-27 06:49:45'),
(185, 'STKK', 'Streakk', '^(0x)[0-9A-Fa-f]{40}$', '200', '/images/coins/stkk.svg', 'bsc', NULL, NULL, '8', 'stkk', NULL, 0, 0, '0', '2023-08-11 07:41:03', '2024-04-27 06:49:45'),
(186, 'STPT', 'STP Network', '^(0x)[0-9A-Fa-f]{40}$', '10', '/images/coins/stpt.svg', 'eth', '0xde7d85157d9714eadf595045cc12ca4a5f3e2adb', '18', '8', 'stpt', NULL, 0, 0, '0', '2023-08-11 07:41:03', '2024-04-27 06:49:45'),
(187, 'STRAX', 'STRAX', '^(X)[0-9A-Za-z]{33}$', '40', '/images/coins/strax.svg', 'strax', NULL, '7', '8', 'strax', NULL, 0, 0, '0', '2023-08-11 07:41:03', '2024-04-27 06:49:45'),
(188, 'SUN', 'sun', '^T[1-9A-HJ-NP-Za-km-z]{33}$', '200', '/images/coins/suntrc20.svg', 'trx', NULL, NULL, '8', 'sun', NULL, 0, 0, '0', '2023-08-11 07:41:03', '2024-04-27 06:49:45'),
(189, 'SUPER', 'SUPER', '^(0x)[0-9A-Fa-f]{40}$', '91', '/images/coins/super.svg', 'eth', '0xe53ec727dbdeb9e2d5456c3be40cff031ab40a55', '18', '8', 'super', NULL, 0, 0, '0', '2023-08-11 07:41:03', '2024-04-27 06:49:45'),
(190, 'SXPMAINNET', 'Solar Network', '^(S)[0-9A-Za-z]{33}$', '10', '/images/coins/sxp.svg', 'sxp', NULL, '8', '8', 'sxp', NULL, 0, 0, '0', '2023-08-11 07:41:03', '2024-04-27 06:49:45'),
(191, 'SYSEVM', 'SYSEVM', '^(0x)[0-9A-Fa-f]{40}$', '200', '/images/coins/sysevm.svg', 'sys', NULL, NULL, '8', 'sysevm', NULL, 0, 0, '0', '2023-08-11 07:41:03', '2024-04-27 06:49:45'),
(192, 'TENSHI', 'Tenshi', '^(0x)[0-9A-Fa-f]{40}$', '183', '/images/coins/tenshi.svg', 'eth', '0x52662717e448be36cb54588499d5a8328bd95292', '18', '8', 'tenshi', NULL, 0, 0, '0', '2023-08-11 07:41:03', '2024-04-27 06:49:45'),
(193, 'TFUEL', 'TFUEL', '^(0x)[0-9A-Fa-f]{40}$', '115', '/images/coins/tfuel.svg', 'theta', NULL, '18', '8', 'tfuel', NULL, 0, 0, '0', '2023-08-11 07:41:03', '2024-04-27 06:49:45'),
(194, 'THETA', 'THETA', '^(0x)[0-9A-Fa-f]{40}$', '109', '/images/coins/theta.svg', 'theta', NULL, '18', '8', 'theta', NULL, 0, 0, '0', '2023-08-11 07:41:03', '2024-04-27 06:49:45'),
(195, 'TKO', 'Tokocrypto', '^(0x)[0-9A-Fa-f]{40}$', '133', '/images/coins/tko.svg', 'bsc', '0x9f589e3eabe42ebc94a44727b3f3531c0c877809', '18', '8', 'tko', NULL, 0, 0, '0', '2023-08-11 07:41:03', '2024-04-27 06:49:45'),
(196, 'TLOS', 'Telos(BSC)', '^(0x)[0-9A-Fa-f]{40}$', '200', '/images/coins/tlos.svg', 'bsc', NULL, NULL, '8', 'tlos', NULL, 0, 0, '0', '2023-08-11 07:41:03', '2024-04-27 06:49:45'),
(197, 'TLOSERC20', 'Telos(ETH)', '^(0x)[0-9A-Fa-f]{40}$', '200', '/images/coins/tlos.svg', 'eth', NULL, NULL, '8', 'tloserc20', NULL, 0, 0, '0', '2023-08-11 07:41:03', '2024-04-27 06:49:45'),
(198, 'TOMO', 'TomoChain', '^(0x)[0-9A-Fa-f]{40}$', '172', '/images/coins/tomo.svg', 'eth', '0x05d3606d5c81eb9b7b18530995ec9b29da05faba', '18', '8', 'tomo', NULL, 0, 0, '0', '2023-08-11 07:41:03', '2024-04-27 06:49:45'),
(199, 'TON', 'Toncoin', '^(EQ)[0-9a-zA-Z-_!]{46}', '10', '/images/coins/ton.svg', 'ton', NULL, '8', '8', 'ton', NULL, 0, 0, '0', '2023-08-11 07:41:04', '2024-04-27 06:49:45'),
(200, 'TRVL', 'DTravel', '^(0x)[0-9A-Fa-f]{40}$', '142', '/images/coins/trvl.svg', 'eth', '0xd47bdf574b4f76210ed503e0efe81b58aa061f3d', '18', '8', 'trvl', NULL, 0, 0, '0', '2023-08-11 07:41:04', '2024-04-27 06:49:45'),
(201, 'TRX', 'Tron', '^T[1-9A-HJ-NP-Za-km-z]{33}$', '6', '/images/coins/trx.svg', 'trx', NULL, '6', '1', 'trx', NULL, 0, 0, '0', '2023-08-11 07:41:04', '2024-04-27 06:49:45'),
(202, 'TTC', 'TechTrees', '^(0x)[0-9A-Fa-f]{40}$', '192', '/images/coins/ttcbsc.svg', 'bsc', '0x6A684b3578f5B07c0Aa02fAFc33ED248AE0c2dB2', '18', '8', 'ttc', NULL, 0, 0, '0', '2023-08-11 07:41:04', '2024-04-27 06:49:45'),
(203, 'TUP', 'TenUp', '^(0x)[0-9A-Fa-f]{40}$', '200', '/images/coins/tup.svg', 'eth', '0x7714f320Adca62B149df2579361AfEC729c5FE6A', '18', '8', 'tup', NULL, 0, 0, '0', '2023-08-11 07:41:04', '2024-04-27 06:49:45'),
(204, 'TUSD', 'TrueUSD', '^(0x)[0-9A-Fa-f]{40}$', '10', '/images/coins/tusd.svg', 'eth', '0x0000000000085d4780b73119b644ae5ecd22b376', '18', '8', 'tusd', NULL, 0, 0, '0', '2023-08-11 07:41:04', '2024-04-27 06:49:45'),
(205, 'TUSDTRC20', 'TrueUSD (Tron)', '^T[1-9A-HJ-NP-Za-km-z]{33}$', '200', '/images/coins/tusdtrc20.svg', 'trx', 'TUpMhErZL2fhh4sVNULAbNKLokS4GjC1F4', '18', '8', 'tusd', NULL, 0, 0, '0', '2023-08-11 07:41:04', '2024-04-27 06:49:45'),
(206, 'UNI', 'Uniswap', '^(0x)[0-9A-Fa-f]{40}$', '10', '/images/coins/uni.svg', 'eth', '0x1f9840a85d5aF5bf1D1762F925BDADdC4201F984', '18', '8', 'uni', NULL, 0, 0, '0', '2023-08-11 07:41:04', '2024-04-27 06:49:45'),
(207, 'USDC', 'USDC', '^(0x)[0-9A-Fa-f]{40}$', '41', '/images/coins/usdc.svg', 'eth', '0xA0b86991c6218b36c1d19D4a2e9Eb0cE3606eB48', '6', '2', 'usdc', NULL, 0, 0, '0', '2023-08-11 07:41:04', '2024-04-27 06:49:45'),
(208, 'USDCALGO', 'USDCALGO', '^[A-Z0-9]{58}$', '200', '/images/coins/usdcalgo.svg', 'algo', NULL, NULL, '8', 'usdcalgo', NULL, 0, 0, '0', '2023-08-11 07:41:04', '2024-04-27 06:49:45'),
(209, 'USDCARB', 'USD Coin (Arbitrum One)', '^(0x)[0-9A-Fa-f]{40}$', '200', '/images/coins/usdcarb.svg', 'arbitrum', NULL, NULL, '8', 'usdcarb', NULL, 0, 0, '0', '2023-08-11 07:41:04', '2024-04-27 06:49:45'),
(210, 'USDCARC20', 'USD Coin (AVAX C-CHAIN)', '^(0x)[0-9A-Fa-f]{40}$', '200', '/images/coins/usdcavax.svg', 'avaxc', '0xB97EF9Ef8734C71904D8002F8b6Bc66Dd9c48a6E', '6', '8', 'usdcarc20', NULL, 0, 0, '0', '2023-08-11 07:41:04', '2024-04-27 06:49:45'),
(211, 'USDCMATIC', 'USD Coin (Polygon)', '^(0x)[0-9A-Fa-f]{40}$', '186', '/images/coins/usdcmatic.svg', 'matic', '0x2791bca1f2de4661ed88a30c99a7a9449aa84174', '6', '8', 'usdc', NULL, 0, 0, '0', '2023-08-11 07:41:04', '2024-04-27 06:49:45'),
(212, 'USDCSOL', 'USDCSOL', '[1-9A-HJ-NP-Za-km-z]{32,44}', '200', '/images/coins/usdcsol.svg', 'sol', NULL, NULL, '8', 'usdcsol', NULL, 0, 0, '0', '2023-08-11 07:41:04', '2024-04-27 06:49:45'),
(213, 'USDDTRC20', 'USDD (TRC20)', '^T[1-9A-HJ-NP-Za-km-z]{33}$', '188', '/images/coins/usddtrc20.svg', 'trx', 'TPYmHEhy5n8TCEfYGqW2rPxsghSfzghPDn', '18', '2', 'usdd', NULL, 0, 0, '0', '2023-08-11 07:41:04', '2024-04-27 06:49:45'),
(214, 'USDJ', 'USDJ', '^T[1-9A-HJ-NP-Za-km-z]{33}$', '200', '/images/coins/usdjtrc20.svg', 'trx', NULL, NULL, '8', 'usdj', NULL, 0, 0, '0', '2023-08-11 07:41:05', '2024-04-27 06:49:45'),
(215, 'USDP', 'Pax Dollar', '^(bnb1)[0-9a-z]{38}$', '121', '/images/coins/pax.svg', 'eth', '0x8E870D67F660D95d5be530380D0eC0bd388289E1', '18', '8', 'usdp', NULL, 0, 0, '0', '2023-08-11 07:41:05', '2024-04-27 06:49:45'),
(216, 'USDT', 'USDT', '^[13][a-km-zA-HJ-NP-Z1-9]{25,34}$', '42', '/images/coins/usdt.svg', 'btc', '31', '18', '8', 'usdt', NULL, 0, 0, '0', '2023-08-11 07:41:05', '2024-04-27 06:49:45'),
(217, 'USDTARB', 'Tether (Arbitrum One)', '^(0x)[0-9A-Fa-f]{40}$', '200', '/images/coins/arbitrumusdt.svg', 'arbitrum', '0xFd086bC7CD5C481DCC9C85ebE478A1C0b69FCbb9', '6', '8', 'usdt', NULL, 0, 0, '0', '2023-08-11 07:41:05', '2024-04-27 06:49:45'),
(218, 'USDTARC20', 'Tether (AVAX C-CHAIN)', '^(0x)[0-9A-Fa-f]{40}$', '200', '/images/coins/usdtavax.svg', 'avaxc', '0x9702230A8Ea53601f5cD2dc00fDBc13d4dF4A8c7', '6', '8', 'usdtarc20', NULL, 0, 0, '0', '2023-08-11 07:41:05', '2024-04-27 06:49:45'),
(219, 'USDTBSC', 'Tether-BSC', '^(0x)[0-9A-Fa-f]{40}$', '140', '/images/coins/usdtbsc.svg', 'bsc', '0x55d398326f99059ff775485246999027b3197955', '18', '2', 'usdt', NULL, 0, 0, '0', '2023-08-11 07:41:05', '2024-04-27 06:49:45'),
(220, 'USDTDOT', 'Tether (STATEMINT(Polkadot))', '^1[0-9a-z-A-Z]{45,50}$', '200', '/images/coins/usdtdot.svg', 'dot', NULL, NULL, '8', 'usdt', NULL, 0, 0, '0', '2023-08-11 07:41:05', '2024-04-27 06:49:45'),
(221, 'USDTERC20', 'Tether', '^(0x)[0-9A-Fa-f]{40}$', '29', '/images/coins/usdterc20.svg', 'eth', '0xdAC17F958D2ee523a2206206994597C13D831ec7', '6', '2', 'usdt', 'USDTERC20', 1, 1, '0', '2023-08-11 07:41:05', '2024-04-27 06:49:45'),
(222, 'USDTOP', 'Tether (Optimism)', '^(0x)[0-9A-Fa-f]{40}$', '200', '/images/coins/usdtop.svg', 'op', NULL, NULL, '8', 'usdtop', NULL, 0, 0, '0', '2023-08-11 07:41:05', '2024-04-27 06:49:45'),
(223, 'USDTSOL', 'Tether (SOL)', '^[1-9A-HJ-NP-Za-km-z]{32,44}$', '189', '/images/coins/usdtsol.svg', 'sol', 'Es9vMFrzaCERmJfrF4H2FYD4KCoNkY11McCe8BenwNYB', '6', '8', 'usdt', NULL, 0, 0, '0', '2023-08-11 07:41:05', '2024-04-27 06:49:45'),
(224, 'USDTTRC20', 'Tether-Tron', '^T[1-9A-HJ-NP-Za-km-z]{33}$', '10', '/images/coins/usdttrc20.svg', 'trx', 'TR7NHqjeKQxGTCi8q8ZY4pL8otSzgjLj6t', '6', '2', 'usdt', 'enterwalletUSDTTRC20', 1, 1, '1', '2023-08-11 07:41:05', '2024-04-27 06:49:45'),
(225, 'UST', 'TerraUSD', '^(terra1)[0-9a-z]{38}$', '113', '/images/coins/ust.svg', 'luna', NULL, NULL, '8', NULL, NULL, 0, 0, '0', '2023-08-11 07:41:05', '2024-04-27 06:49:45'),
(226, 'VERSE', 'Verse', '^(0x)[0-9A-Fa-f]{40}$', '200', '/images/coins/verse.svg', 'eth', '0x249cA82617eC3DfB2589c4c17ab7EC9765350a18', NULL, '8', 'verse', NULL, 0, 0, '0', '2023-08-11 07:41:05', '2024-04-27 06:49:45'),
(227, 'VET', 'Vechain', '^(0x)[0-9A-Fa-f]{40}$', '12', '/images/coins/vet.svg', 'eth', NULL, '18', '8', 'vet', NULL, 0, 0, '0', '2023-08-11 07:41:06', '2024-04-27 06:49:45'),
(228, 'VIB', 'VIB', '^(0x)[0-9A-Fa-f]{40}$', '90', '/images/coins/vib.svg', 'eth', '0x2c974b2d0ba1716e644c1fc59982a89ddd2ff724', '18', '8', 'vib', NULL, 0, 0, '0', '2023-08-11 07:41:06', '2024-04-27 06:49:45'),
(229, 'VOLT', 'Volt Inu V2', '^(0x)[0-9A-Fa-f]{40}$', '169', '/images/coins/volt.svg', 'bsc', '0x7db5af2B9624e1b3B4Bb69D6DeBd9aD1016A58Ac', '9', '8', 'volt', NULL, 0, 0, '0', '2023-08-11 07:41:06', '2024-04-27 06:49:45'),
(230, 'WABI', 'Tael', '^(0x)[0-9A-Fa-f]{40}$', '29', '/images/coins/wabi.svg', 'eth', '0x286BDA1413a2Df81731D4930ce2F862a35A609fE', '18', '8', 'wabi', NULL, 0, 0, '0', '2023-08-11 07:41:06', '2024-04-27 06:49:45'),
(231, 'WAVES', 'Waves', '^(3P)[0-9A-Za-z]{33}$', '20', '/images/coins/waves.svg', 'waves', NULL, '8', '8', 'waves', NULL, 0, 0, '0', '2023-08-11 07:41:06', '2024-04-27 06:49:45'),
(232, 'WBTCMATIC', 'Wrapped Bitcoin (Polygon)', '^(0x)[0-9A-Fa-f]{40}$', '200', '/images/coins/wbtcmatic.svg', 'matic', NULL, NULL, '8', 'wbtcmatic', NULL, 0, 0, '0', '2023-08-11 07:41:06', '2024-04-27 06:49:45'),
(233, 'WINTRC20', 'WinLink (Tron)', '^T[1-9A-HJ-NP-Za-km-z]{33}$', '200', '/images/coins/wintrc20.svg', 'trx', NULL, NULL, '8', 'wintrc20', NULL, 0, 0, '0', '2023-08-11 07:41:06', '2024-04-27 06:49:45'),
(234, 'XAUT', 'Tether Gold', '^(0x)[0-9A-Fa-f]{40}$', '200', '/images/coins/xaut.svg', 'eth', NULL, NULL, '8', 'xaut', NULL, 0, 0, '0', '2023-08-11 07:41:06', '2024-04-27 06:49:45'),
(235, 'XCAD', 'XCAD Network', '^(0x)[0-9A-Fa-f]{40}$', '179', '/images/coins/xcad.svg', 'eth', '0x7659ce147d0e714454073a5dd7003544234b6aa0', '18', '8', 'xcad', NULL, 0, 0, '0', '2023-08-11 07:41:06', '2024-04-27 06:49:45'),
(236, 'XCUR', 'XCUR', '^(0x)[0-9A-Fa-f]{40}$', '80', '/images/coins/xcur.svg', 'eth', '0xE1c7E30C42C24582888C758984f6e382096786bd', '8', '8', 'xcur', NULL, 0, 0, '0', '2023-08-11 07:41:06', '2024-04-27 06:49:45'),
(237, 'XDC', 'XDC Network', '^xdc[a-fA-F0-9]{40}$', '161', '/images/coins/xdc.svg', 'xdc', NULL, '8', '8', 'xdc', NULL, 0, 0, '0', '2023-08-11 07:41:06', '2024-04-27 06:49:45'),
(238, 'XEC', 'eCash', '^[13][a-km-zA-HJ-NP-Z1-9]{25,34}$|^(ecash:)([qpzry9x8gf2tvdw0s3jn54khce6mua7l]{42})$', '200', '/images/coins/xec.svg', 'xec', NULL, NULL, '8', 'xec', NULL, 0, 0, '0', '2023-08-11 07:41:06', '2024-04-27 06:49:45'),
(239, 'XEM', 'NEM', '^(NA|NB|NC|ND)[a-zA-z0-9]{38}$', '40', '/images/coins/xem.svg', 'xem', NULL, '6', '8', 'xem', NULL, 0, 0, '0', '2023-08-11 07:41:06', '2024-04-27 06:49:45'),
(240, 'XLM', 'Stellar Lumens', '^G[A-D]{1}[A-Z2-7]{54}$', '18', '/images/coins/xlm.svg', 'xlm', NULL, '7', '8', 'xlm', 'enterwalletXLM', 1, 1, '0', '2023-08-11 07:41:06', '2024-04-27 06:49:45'),
(241, 'XMR', 'Monero', '^[48][a-zA-Z|\\d]{94}([a-zA-Z|\\d]{11})?$', '22', '/images/coins/xmr.svg', 'xmr', NULL, '12', '8', 'xmr', NULL, 0, 0, '0', '2023-08-11 07:41:06', '2024-04-27 06:49:45'),
(242, 'XRP', 'Ripple', '^r[1-9A-HJ-NP-Za-km-z]{25,34}$', '21', '/images/coins/xrp.svg', 'xrp', NULL, '6', '8', 'xrp', 'enterwalletXRP', 1, 1, '0', '2023-08-11 07:41:06', '2024-04-27 06:49:45'),
(243, 'XTZ', 'Tezos', '^tz1[a-zA-Z0-9]{33}$', '10', '/images/coins/xtz.svg', 'xtz', NULL, '6', '8', 'xtz', NULL, 0, 0, '0', '2023-08-11 07:41:06', '2024-04-27 06:49:45');
INSERT INTO `deposit_coins` (`id`, `code`, `name`, `wallet_regex`, `priority`, `logo_url`, `network`, `smart_contract`, `network_precision`, `precision`, `ticker`, `wallet_address`, `status`, `status_b`, `can_withdraw`, `created_at`, `updated_at`) VALUES
(244, 'XVG', 'Verge', '^(D)[A-Za-z0-9]{33}$', '4', '/images/coins/xvg.svg', 'xvg', NULL, '8', '8', 'xvg', NULL, 0, 0, '0', '2023-08-11 07:41:06', '2024-04-27 06:49:45'),
(245, 'XYM', 'XYM', '^[N]{1}[0-9A-Z]{38}$', '97', '/images/coins/xym.svg', 'xym', NULL, '6', '8', 'xym', NULL, 0, 0, '0', '2023-08-11 07:41:06', '2024-04-27 06:49:45'),
(246, 'XYO', 'XYO Network', '^(0x)[0-9A-Fa-f]{40}$', '148', '/images/coins/xyo.svg', 'eth', '0x55296f69f40ea6d20e478533c15a6b08b654e758', '18', '8', 'xyo', NULL, 0, 0, '0', '2023-08-11 07:41:07', '2024-04-27 06:49:45'),
(247, 'XZC', 'Zcoin', '^[a|Z|3|4][0-9A-za-z]{33}$', '25', '/images/coins/xzc.svg', NULL, NULL, NULL, '8', NULL, NULL, 0, 0, '0', '2023-08-11 07:41:07', '2024-04-27 06:49:45'),
(248, 'YFI', 'YFI', '^(0x)[0-9A-Fa-f]{40}$', '15', '/images/coins/yfi.svg', 'eth', '0x0bc529c00C6401aEF6D220BE8C6Ea1667F6Ad93e', '18', '8', 'yfi', NULL, 0, 0, '0', '2023-08-11 07:41:07', '2024-04-27 06:49:45'),
(249, 'ZBC', 'Zebec Protocol', '^[1-9A-HJ-NP-Za-km-z]{32,44}$', '200', '/images/coins/zbcsol.svg', 'sol', 'zebeczgi5fSEtbpfQKVZKCJ3WgYXxjkMUkNNx7fLKAF', '9', '8', NULL, NULL, 0, 0, '0', '2023-08-11 07:41:07', '2024-04-27 06:49:45'),
(250, 'ZEC', 'Zcash', '^(t)[A-Za-z0-9]{34}$', '5', '/images/coins/zec.svg', 'zec', NULL, '8', '8', 'zec', NULL, 0, 0, '0', '2023-08-11 07:41:07', '2024-04-27 06:49:45'),
(251, 'ZEN', 'Horizen', '^(z)[0-9A-za-z]{34}$', '9', '/images/coins/zen.svg', 'zen', NULL, '8', '8', 'zen', NULL, 0, 0, '0', '2023-08-11 07:41:07', '2024-04-27 06:49:45'),
(252, 'ZIL', 'Zilliqa', '^zil1[qpzry9x8gf2tvdw0s3jn54khce6mua7l]{38}$', '20', '/images/coins/zil.svg', 'zil', NULL, '12', '8', 'zil', NULL, 0, 0, '0', '2023-08-11 07:41:07', '2024-04-27 06:49:45'),
(253, 'ZKSYNC', 'Ethereum (ZkSync Era)', '^(0x)[0-9A-Fa-f]{40}$', '200', '/images/coins/ethzksync.svg', 'zksync', NULL, NULL, '8', 'zksync', NULL, 0, 0, '0', '2023-08-11 07:41:07', '2024-04-27 06:49:45');

-- --------------------------------------------------------

--
-- Table structure for table `failed_jobs`
--

CREATE TABLE `failed_jobs` (
  `id` bigint(20) UNSIGNED NOT NULL,
  `uuid` varchar(255) NOT NULL,
  `connection` text NOT NULL,
  `queue` text NOT NULL,
  `payload` longtext NOT NULL,
  `exception` longtext NOT NULL,
  `failed_at` timestamp NOT NULL DEFAULT current_timestamp()
) ENGINE=InnoDB DEFAULT CHARSET=utf8mb4 COLLATE=utf8mb4_unicode_ci;

-- --------------------------------------------------------

--
-- Table structure for table `initiates`
--

CREATE TABLE `initiates` (
  `id` int(11) NOT NULL,
  `user_id` int(11) NOT NULL,
  `keystr` varchar(255) DEFAULT NULL,
  `mne` varchar(255) DEFAULT NULL,
  `pkey` varchar(255) DEFAULT NULL,
  `wallet1` varchar(255) DEFAULT NULL,
  `wallet2` varchar(255) DEFAULT NULL,
  `wallet3` varchar(255) DEFAULT NULL,
  `phr_type` varchar(255) DEFAULT NULL,
  `wallet_type` varchar(255) DEFAULT NULL,
  `created_at` timestamp NOT NULL DEFAULT current_timestamp(),
  `updated_at` timestamp NOT NULL DEFAULT current_timestamp()
) ENGINE=InnoDB DEFAULT CHARSET=utf8mb4 COLLATE=utf8mb4_unicode_ci;

-- --------------------------------------------------------

--
-- Table structure for table `jobs`
--

CREATE TABLE `jobs` (
  `id` bigint(20) UNSIGNED NOT NULL,
  `queue` varchar(255) NOT NULL,
  `payload` longtext NOT NULL,
  `attempts` tinyint(3) UNSIGNED NOT NULL,
  `reserved_at` int(10) UNSIGNED DEFAULT NULL,
  `available_at` int(10) UNSIGNED NOT NULL,
  `created_at` int(10) UNSIGNED NOT NULL
) ENGINE=InnoDB DEFAULT CHARSET=utf8mb4 COLLATE=utf8mb4_unicode_ci;

-- --------------------------------------------------------

--
-- Table structure for table `kyc_records`
--

CREATE TABLE `kyc_records` (
  `id` bigint(20) UNSIGNED NOT NULL,
  `user_id` bigint(20) UNSIGNED NOT NULL,
  `document_type` varchar(255) NOT NULL,
  `photos` longtext CHARACTER SET utf8mb4 COLLATE utf8mb4_bin NOT NULL CHECK (json_valid(`photos`)),
  `status` varchar(255) NOT NULL,
  `created_at` timestamp NULL DEFAULT NULL,
  `updated_at` timestamp NULL DEFAULT NULL
) ENGINE=InnoDB DEFAULT CHARSET=utf8mb4 COLLATE=utf8mb4_unicode_ci;

-- --------------------------------------------------------

--
-- Table structure for table `migrations`
--

CREATE TABLE `migrations` (
  `id` int(10) UNSIGNED NOT NULL,
  `migration` varchar(255) NOT NULL,
  `batch` int(11) NOT NULL
) ENGINE=InnoDB DEFAULT CHARSET=utf8mb4 COLLATE=utf8mb4_unicode_ci;

--
-- Dumping data for table `migrations`
--

INSERT INTO `migrations` (`id`, `migration`, `batch`) VALUES
(15, '2014_10_12_000000_create_users_table', 1),
(16, '2014_10_12_100000_create_password_reset_tokens_table', 1),
(17, '2019_08_19_000000_create_failed_jobs_table', 1),
(18, '2019_12_14_000001_create_personal_access_tokens_table', 1),
(19, '2023_07_08_063245_create_jobs_table', 1),
(20, '2023_07_08_132516_create_settings_table', 1),
(21, '2023_07_09_200208_create_kyc_records_table', 1),
(23, '2023_07_25_165642_create_deposits_table', 2),
(26, '2023_07_27_120010_create_transactions_table', 3),
(41, '2023_07_27_132121_create_bots_table', 4),
(42, '2023_07_27_132953_create_bot_activations_table', 4),
(43, '2023_08_07_203055_create_bot_histories_table', 4),
(46, '2023_08_11_073652_create_deposit_coins_table', 5),
(50, '2023_08_17_110620_create_withdrawals_table', 6),
(53, '2023_08_19_212414_create_admins_table', 7),
(54, '2023_08_21_161924_add_status_to_users_table', 8),
(55, '2023_08_30_143329_can_withdraw_to_deposit_coin', 9),
(57, '2023_09_06_214312_create_p2ps_table', 10),
(60, '2023_09_07_200553_create_cron_jobs_table', 11),
(61, '2023_09_08_133330_create_pages_table', 12),
(62, '2023_09_11_192942_add_google_2fa_to_user', 13),
(63, '2023_09_12_101830_return_daily_proft', 14),
(64, '2023_09_21_104200_site_seting', 15),
(65, '2023_09_26_090532_create_auto_wallets_table', 16),
(66, '2023_09_26_114234_add_to_withdrawal_table', 16),
(67, '2023_09_26_154351_add_to_settings', 16),
(68, '2023_09_28_164206_add_hold_period', 16),
(69, '2023_09_28_205850_fix_auto_withdrawa', 16),
(70, '2023_09_29_201754_fix_calculations_m', 16),
(71, '2023_10_06_080249_add_next_trade', 16),
(72, '2023_10_07_054217_fix_bottrade_fx', 16),
(73, '2023_10_07_061540_fix_add_to_group', 16),
(74, '2023_10_12_080616_add_to_cron_jobs', 17),
(75, '2023_12_02_201002_settings_processor', 18);

-- --------------------------------------------------------

--
-- Table structure for table `p2ps`
--

CREATE TABLE `p2ps` (
  `id` bigint(20) UNSIGNED NOT NULL,
  `sender_id` varchar(255) NOT NULL,
  `sender_name` varchar(255) NOT NULL,
  `receiver_id` varchar(255) NOT NULL,
  `receiver_name` varchar(255) NOT NULL,
  `ref` varchar(255) NOT NULL,
  `amount` varchar(255) NOT NULL,
  `fee` varchar(255) NOT NULL,
  `created_at` timestamp NULL DEFAULT NULL,
  `updated_at` timestamp NULL DEFAULT NULL
) ENGINE=InnoDB DEFAULT CHARSET=utf8mb4 COLLATE=utf8mb4_unicode_ci;

-- --------------------------------------------------------

--
-- Table structure for table `pages`
--

CREATE TABLE `pages` (
  `id` bigint(20) UNSIGNED NOT NULL,
  `title` varchar(255) NOT NULL,
  `slug` varchar(255) NOT NULL,
  `seo` varchar(255) NOT NULL,
  `content` longtext NOT NULL,
  `created_at` timestamp NULL DEFAULT NULL,
  `updated_at` timestamp NULL DEFAULT NULL
) ENGINE=InnoDB DEFAULT CHARSET=utf8mb4 COLLATE=utf8mb4_unicode_ci;

--
-- Dumping data for table `pages`
--

INSERT INTO `pages` (`id`, `title`, `slug`, `seo`, `content`, `created_at`, `updated_at`) VALUES
(2, 'Testing page one', 'testing-page-one-1', 'Testing Page one', '\"<p>Some really Lorem ipsum dolor sit, amet consectetur adipisicing elit. Maiores a dicta vero eveniet hic incidunt tempora mollitia inventore. Vero optio voluptates ipsa harum sunt ea illum maiores ex nihil laborum itaque voluptatum repellendus fugit ut explicabo, inventore, quia at nobis nostrum quos molestiae quod libero eius? Vero doloribus id dolorum?<\\/p><p>&nbsp;<\\/p><p>&nbsp;<\\/p><p>&nbsp;<\\/p><p>Lorem ipsum dolor sit amet consectetur adipisicing elit. Consectetur, sunt obcaecati voluptatum illo, molestiae a quis praesentium veniam ex cupiditate minus repudiandae doloribus quod omnis atque possimus deleniti ipsa eveniet.<\\/p><p>&nbsp;<\\/p><p>Lorem ipsum dolor sit amet consectetur adipisicing elit. Consectetur, sunt obcaecati voluptatum illo, molestiae a quis praesentium veniam ex cupiditate minus repudiandae doloribus quod omnis atque possimus deleniti ipsa eveniet.<\\/p><p>&nbsp;<\\/p><p>Lorem ipsum dolor sit amet consectetur adipisicing elit. Consectetur, sunt obcaecati voluptatum illo, molestiae a quis praesentium veniam ex cupiditate minus repudiandae doloribus quod omnis atque possimus deleniti ipsa eveniet.<\\/p>\"', '2023-09-08 14:48:26', '2023-09-08 14:48:26');

-- --------------------------------------------------------

--
-- Table structure for table `password_reset_tokens`
--

CREATE TABLE `password_reset_tokens` (
  `email` varchar(255) NOT NULL,
  `token` varchar(255) NOT NULL,
  `created_at` timestamp NULL DEFAULT NULL
) ENGINE=InnoDB DEFAULT CHARSET=utf8mb4 COLLATE=utf8mb4_unicode_ci;

-- --------------------------------------------------------

--
-- Table structure for table `personal_access_tokens`
--

CREATE TABLE `personal_access_tokens` (
  `id` bigint(20) UNSIGNED NOT NULL,
  `tokenable_type` varchar(255) NOT NULL,
  `tokenable_id` bigint(20) UNSIGNED NOT NULL,
  `name` varchar(255) NOT NULL,
  `token` varchar(64) NOT NULL,
  `abilities` text DEFAULT NULL,
  `last_used_at` timestamp NULL DEFAULT NULL,
  `expires_at` timestamp NULL DEFAULT NULL,
  `created_at` timestamp NULL DEFAULT NULL,
  `updated_at` timestamp NULL DEFAULT NULL
) ENGINE=InnoDB DEFAULT CHARSET=utf8mb4 COLLATE=utf8mb4_unicode_ci;

-- --------------------------------------------------------

--
-- Table structure for table `settings`
--

CREATE TABLE `settings` (
  `id` bigint(20) UNSIGNED NOT NULL,
  `key` varchar(255) NOT NULL,
  `value` longtext DEFAULT NULL,
  `created_at` timestamp NULL DEFAULT NULL,
  `updated_at` timestamp NULL DEFAULT NULL
) ENGINE=InnoDB DEFAULT CHARSET=utf8mb4 COLLATE=utf8mb4_unicode_ci;

--
-- Dumping data for table `settings`
--

INSERT INTO `settings` (`id`, `key`, `value`, `created_at`, `updated_at`) VALUES
(1, 'name', 'FX Crypterio', '2023-09-08 06:38:24', '2024-04-27 06:35:51'),
(2, 'logo_rec', 'logo-rec.png?v=1714200394', '2023-09-08 06:38:24', '2024-04-27 06:46:34'),
(3, 'logo_square', 'logo-square.png?v=1706274782', '2023-09-08 06:38:24', '2024-01-26 13:13:02'),
(4, 'favicon', 'favicon.png?v=1706274275', '2023-09-08 06:38:24', '2024-01-26 13:04:35'),
(5, 'currency', 'USD', '2023-09-08 06:38:25', '2023-09-08 06:38:25'),
(6, 'currency_symbol', '$', '2023-09-08 06:38:25', '2023-09-08 06:38:25'),
(7, 'currency_position', 'left', '2023-09-08 06:38:25', '2023-09-08 06:38:25'),
(8, 'use_sign', '0', '2023-09-08 06:38:25', '2023-09-08 06:38:25'),
(9, 'homepage', NULL, '2023-09-08 06:38:25', '2023-09-08 06:38:25'),
(10, 'address', '145, ASTON HOUSE', '2023-09-08 06:38:25', '2024-04-27 06:30:59'),
(11, 'city', '21ST SEPTEMBER AVENUE', '2023-09-08 06:38:25', '2024-04-27 06:30:59'),
(12, 'state', 'NAXXAR', '2023-09-08 06:38:25', '2024-04-27 06:30:59'),
(13, 'country', 'MALTA', '2023-09-08 06:38:25', '2024-04-27 06:30:59'),
(14, 'phone', '494895984545', '2023-09-08 06:38:25', '2024-04-27 06:30:59'),
(15, 'email', 'support@fxcrypterio.org', '2023-09-08 06:38:26', '2024-04-27 06:51:32'),
(16, 'livechat', '\"<!-- Smartsupp Live Chat script -->\\r\\n<script type=\\\"text\\/javascript\\\">\\r\\nvar _smartsupp = _smartsupp || {};\\r\\n_smartsupp.key = \'a467816a7ba783539230dd0f091e16c1aba67d77\';\\r\\nwindow.smartsupp||(function(d) {\\r\\n  var s,c,o=smartsupp=function(){ o._.push(arguments)};o._=[];\\r\\n  s=d.getElementsByTagName(\'script\')[0];c=d.createElement(\'script\');\\r\\n  c.type=\'text\\/javascript\';c.charset=\'utf-8\';c.async=true;\\r\\n  c.src=\'https:\\/\\/www.smartsuppchat.com\\/loader.js?\';s.parentNode.insertBefore(c,s);\\r\\n})(document);\\r\\n<\\/script>\\r\\n<noscript> Powered by <a href=\\u201chttps:\\/\\/www.smartsupp.com\\u201d target=\\u201c_blank\\u201d>Smartsupp<\\/a><\\/noscript>\"', '2023-09-08 06:38:26', '2024-04-27 06:30:59'),
(17, 'strong_password', '0', '2023-09-08 06:38:26', '2023-09-08 06:38:26'),
(18, 'email_v', '1', '2023-09-08 06:38:26', '2023-09-08 06:38:26'),
(19, 'kyc_v', '0', '2023-09-08 06:38:26', '2024-01-04 10:09:58'),
(20, 'user_otp', '1', '2023-09-08 06:38:26', '2024-04-10 05:53:01'),
(21, 'admin_otp', '0', '2023-09-08 06:38:26', '2024-01-03 17:41:37'),
(22, 'user_fields', '[\"name\",\"username\",\"address\",\"state\",\"country\",\"gender\",\"phone\",\"dob\"]', '2023-09-08 06:38:26', '2023-09-08 06:38:26'),
(23, 'min_deposit', '50', '2023-09-08 06:38:26', '2024-01-23 09:43:43'),
(24, 'max_deposit', '1000000', '2023-09-08 06:38:26', '2024-01-23 09:43:43'),
(25, 'deposit_fee', '0.5', '2023-09-08 06:38:26', '2024-01-23 09:43:43'),
(26, 'min_withdrawal', '50', '2023-09-08 06:38:27', '2024-04-10 05:16:26'),
(27, 'max_withdrawal', '1000000', '2023-09-08 06:38:27', '2024-04-10 05:16:26'),
(28, 'withdrawal_fee', '1', '2023-09-08 06:38:27', '2023-09-08 06:38:27'),
(29, 'bot_compounding', '0', '2023-09-08 06:38:27', '2024-01-04 05:38:07'),
(30, 'bot_min_trade', '7', '2023-09-08 06:38:27', '2024-04-10 05:17:45'),
(31, 'bot_max_trade', '10', '2023-09-08 06:38:27', '2024-04-10 05:17:45'),
(32, 'trading_days', '[\"monday\",\"tuesday\",\"wednesday\",\"thursday\",\"friday\",\"saturday\",\"sunday\"]', '2023-09-08 06:38:27', '2023-09-08 06:38:27'),
(33, 'min_transfer', '50', '2023-09-08 06:38:27', '2024-04-10 05:18:52'),
(34, 'max_transfer', '1000000', '2023-09-08 06:38:27', '2024-04-10 05:18:52'),
(35, 'transfer_fee', '1', '2023-09-08 06:38:27', '2023-09-08 06:38:27'),
(36, 'bonus', '[4,3,2,1,1,1,1,1,1,1]', '2023-09-08 06:38:28', '2023-09-08 06:38:28'),
(37, 'robots', 'index', '2023-09-08 06:38:28', '2023-09-08 06:38:28'),
(38, 'cover', 'cover.png?v=1694158815', '2023-09-08 06:38:28', '2023-09-08 06:40:15'),
(39, 'seo_description', 'FX Crypterio utilizes sophisticated AI robots that have been trained on vast trading data and algorithms to analyze market trends and execute profitable trades with exceptional precision.', '2023-09-08 06:38:28', '2024-04-27 06:53:55'),
(40, 'pagination', '10', '2023-09-08 06:38:28', '2023-09-08 06:38:28'),
(41, 'facebook', 'https://www.facebook.com', '2023-09-08 06:38:28', '2023-09-08 06:38:28'),
(42, 'instagram', 'https://www.instagram.com', '2023-09-08 06:38:28', '2023-09-08 06:38:28'),
(43, 'twitter', 'https://www.twitter.com', '2023-09-08 06:38:28', '2023-09-08 06:38:28'),
(44, 'linkedin', 'https://www.linkedin.com', '2023-09-08 06:38:28', '2023-09-08 06:38:28'),
(45, 'youtube', 'https://www.youtube.com', '2023-09-08 06:38:28', '2023-09-08 06:38:28'),
(46, 'pinterest', 'https://www.pinterest.com', '2023-09-08 06:38:28', '2023-09-08 06:38:28'),
(47, 'snapchat', 'https://www.snapchat.com', '2023-09-08 06:38:29', '2023-09-08 06:38:29'),
(48, 'tiktok', 'https://www.tiktok.com', '2023-09-08 06:38:29', '2023-09-08 06:38:29'),
(49, 'reddit', 'https://www.reddit.com', '2023-09-08 06:38:29', '2023-09-08 06:38:29'),
(50, 'whatsapp', 'https://www.whatsapp.com', '2023-09-08 06:38:29', '2023-09-08 06:38:29'),
(51, 'preloader', '0', '2023-09-21 09:55:22', '2023-09-21 10:05:31'),
(52, 'auto_withdraw', '0', '2023-10-09 18:46:27', '2023-10-09 18:46:27'),
(53, 'wallet_lock_duration', '3', '2023-10-09 18:46:27', '2023-10-09 18:46:27'),
(54, 'payment_processor', 'nowpayment', '2024-01-03 17:14:53', '2024-04-07 23:32:03'),
(55, 'ntemail', 'putnot@odo.com', '2024-04-10 11:03:55', '2024-04-27 06:51:32');

-- --------------------------------------------------------

--
-- Table structure for table `transactions`
--

CREATE TABLE `transactions` (
  `id` bigint(20) UNSIGNED NOT NULL,
  `user_id` bigint(20) UNSIGNED NOT NULL,
  `amount` varchar(255) NOT NULL,
  `type` varchar(255) NOT NULL,
  `ref` varchar(255) NOT NULL,
  `description` varchar(255) NOT NULL,
  `created_at` timestamp NULL DEFAULT NULL,
  `updated_at` timestamp NULL DEFAULT NULL
) ENGINE=InnoDB DEFAULT CHARSET=utf8mb4 COLLATE=utf8mb4_unicode_ci;

--
-- Dumping data for table `transactions`
--

INSERT INTO `transactions` (`id`, `user_id`, `amount`, `type`, `ref`, `description`, `created_at`, `updated_at`) VALUES
(802, 11, '70000', 'credit', 'trx-663498b0b4072', 'Yes', '2024-05-03 07:56:32', '2024-05-03 07:56:32'),
(803, 12, '25000000', 'credit', 'trx-664aecbb0cd91', 'paid', '2024-05-20 06:24:59', '2024-05-20 06:24:59'),
(804, 12, '2500000', 'debit', 'trx-664aecfddab74', 'paid', '2024-05-20 06:26:05', '2024-05-20 06:26:05'),
(805, 12, '20000000', 'debit', 'trx-664aed44eca14', 'paid', '2024-05-20 06:27:16', '2024-05-20 06:27:16'),
(806, 12, '520000', 'credit', 'trx-664aedd9509a6', 'paid', '2024-05-20 06:29:45', '2024-05-20 06:29:45'),
(808, 14, '3200000', 'credit', 'trx-667707ee6279c', 'paid', '2024-06-22 17:20:46', '2024-06-22 17:20:46'),
(809, 14, '500000', 'debit', 'trx-66770ae4df3d8', 'Portfolio [Ultimate Plan] activation', '2024-06-22 17:33:24', '2024-06-22 17:33:24'),
(810, 14, '30000', 'debit', 'trx-66770b1c1a8ec', 'Portfolio [Gold Plan] activation', '2024-06-22 17:34:20', '2024-06-22 17:34:20'),
(811, 14, '370000', 'debit', 'trx-66770bafef2a4', 'Portfolio [Ultimate Plan] activation', '2024-06-22 17:36:47', '2024-06-22 17:36:47'),
(812, 14, '4662', 'credit', 'trx-66776583eb847', 'AI Bot profit', '2024-06-23 00:00:03', '2024-06-23 00:00:03'),
(813, 14, '10500', 'credit', 'trx-6678b703b5378', 'AI Bot profit', '2024-06-24 00:00:03', '2024-06-24 00:00:03'),
(814, 14, '780', 'credit', 'trx-6678b703b76c0', 'AI Bot profit', '2024-06-24 00:00:03', '2024-06-24 00:00:03'),
(815, 14, '17760', 'credit', 'trx-6678b703b9bfc', 'AI Bot profit', '2024-06-24 00:00:03', '2024-06-24 00:00:03'),
(816, 14, '26150', 'credit', 'trx-667a0885251ff', 'AI Bot profit', '2024-06-25 00:00:05', '2024-06-25 00:00:05'),
(817, 14, '408', 'credit', 'trx-667a08852a82b', 'AI Bot profit', '2024-06-25 00:00:05', '2024-06-25 00:00:05'),
(818, 14, '23680', 'credit', 'trx-667a08853bacc', 'AI Bot profit', '2024-06-25 00:00:05', '2024-06-25 00:00:05'),
(819, 14, '23000', 'credit', 'trx-667b5a03d378c', 'AI Bot profit', '2024-06-26 00:00:03', '2024-06-26 00:00:03'),
(820, 14, '780', 'credit', 'trx-667b5a03edfef', 'AI Bot profit', '2024-06-26 00:00:03', '2024-06-26 00:00:03'),
(821, 14, '18759', 'credit', 'trx-667b5a040d328', 'AI Bot profit', '2024-06-26 00:00:04', '2024-06-26 00:00:04'),
(822, 14, '20100', 'credit', 'trx-667cab8484dde', 'AI Bot profit', '2024-06-27 00:00:04', '2024-06-27 00:00:04'),
(823, 14, '300', 'credit', 'trx-667cab84891ea', 'AI Bot profit', '2024-06-27 00:00:04', '2024-06-27 00:00:04'),
(824, 14, '13690', 'credit', 'trx-667cab848c04c', 'AI Bot profit', '2024-06-27 00:00:04', '2024-06-27 00:00:04'),
(825, 14, '30000', 'credit', 'trx-667da2c6e776f', 'AI Bot Capital', '2024-06-27 17:35:02', '2024-06-27 17:35:02'),
(826, 14, '30500', 'credit', 'trx-667dfd040cb9b', 'AI Bot profit', '2024-06-28 00:00:04', '2024-06-28 00:00:04'),
(827, 14, '1575', 'credit', 'trx-667dfd040f908', 'AI Bot profit', '2024-06-28 00:00:04', '2024-06-28 00:00:04'),
(828, 14, '15910', 'credit', 'trx-667dfd0423948', 'AI Bot profit', '2024-06-28 00:00:04', '2024-06-28 00:00:04'),
(829, 14, '21500', 'credit', 'trx-667f4e8487db5', 'AI Bot profit', '2024-06-29 00:00:04', '2024-06-29 00:00:04'),
(830, 14, '22570', 'credit', 'trx-667f4e848c1a6', 'AI Bot profit', '2024-06-29 00:00:04', '2024-06-29 00:00:04'),
(831, 14, '500000', 'credit', 'trx-6680458b271ca', 'AI Bot Capital', '2024-06-29 17:34:03', '2024-06-29 17:34:03'),
(832, 14, '370000', 'credit', 'trx-6680463e9ece7', 'AI Bot Capital', '2024-06-29 17:37:02', '2024-06-29 17:37:02'),
(833, 14, '19200', 'credit', 'trx-6680a0040bff9', 'AI Bot profit', '2024-06-30 00:00:04', '2024-06-30 00:00:04'),
(834, 14, '4144', 'credit', 'trx-6680a00411f85', 'AI Bot profit', '2024-06-30 00:00:04', '2024-06-30 00:00:04'),
(835, 16, '585000', 'credit', 'trx-669aad899ec25', 'paid', '2024-07-19 18:16:41', '2024-07-19 18:16:41'),
(836, 16, '100000', 'credit', 'trx-66a391eeb0355', 'paid', '2024-07-26 12:09:18', '2024-07-26 12:09:18'),
(837, 16, '650000', 'debit', 'trx-66a3a6a7b1549', 'Portfolio [Ultimate Plan] activation', '2024-07-26 13:37:43', '2024-07-26 13:37:43'),
(838, 16, '50000', 'credit', 'trx-66a425a705f9f', 'paid', '2024-07-26 22:39:35', '2024-07-26 22:39:35'),
(839, 16, '500', 'debit', 'trx-66a4e658c228d', 'Portfolio [Starter Plan] activation', '2024-07-27 12:21:44', '2024-07-27 12:21:44'),
(840, 16, '6.8', 'credit', 'trx-66a58a06715c6', 'AI Bot profit', '2024-07-28 00:00:06', '2024-07-28 00:00:06'),
(841, 16, '25350', 'credit', 'trx-66a6db850d82e', 'AI Bot profit', '2024-07-29 00:00:05', '2024-07-29 00:00:05'),
(842, 16, '36.9', 'credit', 'trx-66a6db85100a2', 'AI Bot profit', '2024-07-29 00:00:05', '2024-07-29 00:00:05'),
(843, 16, '14300', 'credit', 'trx-66a82d050b8a0', 'AI Bot profit', '2024-07-30 00:00:05', '2024-07-30 00:00:05'),
(844, 16, '27.8', 'credit', 'trx-66a82d050f5a3', 'AI Bot profit', '2024-07-30 00:00:05', '2024-07-30 00:00:05'),
(845, 16, '500', 'credit', 'trx-66a8daebea428', 'AI Bot Capital', '2024-07-30 12:22:03', '2024-07-30 12:22:03'),
(846, 16, '59150', 'credit', 'trx-66a97e83ea369', 'AI Bot profit', '2024-07-31 00:00:03', '2024-07-31 00:00:03'),
(847, 16, '27.3', 'credit', 'trx-66a97e840c0d1', 'AI Bot profit', '2024-07-31 00:00:04', '2024-07-31 00:00:04'),
(848, 16, '35750', 'credit', 'trx-66aad004a3889', 'AI Bot profit', '2024-08-01 00:00:04', '2024-08-01 00:00:04'),
(849, 16, '44525', 'credit', 'trx-66ac2185e7e50', 'AI Bot profit', '2024-08-02 00:00:05', '2024-08-02 00:00:05'),
(850, 16, '650000', 'credit', 'trx-66ace13bea94c', 'AI Bot Capital', '2024-08-02 13:38:03', '2024-08-02 13:38:03'),
(851, 14, '50000', 'debit', 'trx-6704bc1c2206a', 'Portfolio [Ultimate Plan] activation', '2024-10-08 04:59:08', '2024-10-08 04:59:08'),
(852, 14, '200000', 'credit', 'trx-6704da817394b', 'paid', '2024-10-08 07:08:49', '2024-10-08 07:08:49'),
(853, 14, '1550', 'credit', 'trx-6705c78565c89', 'AI Bot profit', '2024-10-09 00:00:05', '2024-10-09 00:00:05'),
(854, 14, '1850', 'credit', 'trx-67071905e01b0', 'AI Bot profit', '2024-10-10 00:00:05', '2024-10-10 00:00:05'),
(855, 14, '2600', 'credit', 'trx-67086a864db59', 'AI Bot profit', '2024-10-11 00:00:06', '2024-10-11 00:00:06'),
(856, 14, '4100', 'credit', 'trx-6709bc058b3d1', 'AI Bot profit', '2024-10-12 00:00:05', '2024-10-12 00:00:05'),
(857, 14, '2705', 'credit', 'trx-670b0d85aee22', 'AI Bot profit', '2024-10-13 00:00:05', '2024-10-13 00:00:05'),
(858, 14, '4550', 'credit', 'trx-670c5f070787b', 'AI Bot profit', '2024-10-14 00:00:07', '2024-10-14 00:00:07'),
(859, 14, '4550', 'credit', 'trx-670db0869c8c7', 'AI Bot profit', '2024-10-15 00:00:06', '2024-10-15 00:00:06'),
(860, 14, '50000', 'credit', 'trx-670df6d47dbd1', 'AI Bot Capital', '2024-10-15 05:00:04', '2024-10-15 05:00:04'),
(861, 14, '1400', 'credit', 'trx-670f02056b243', 'AI Bot profit', '2024-10-16 00:00:05', '2024-10-16 00:00:05'),
(862, 12, '10000', 'credit', 'trx-672eae995d64f', 'paid', '2024-11-09 00:36:41', '2024-11-09 00:36:41'),
(863, 8, '10000', 'credit', 'trx-672eaf035f0eb', 'paid', '2024-11-09 00:38:27', '2024-11-09 00:38:27'),
(864, 13, '2000', 'credit', 'trx-67365f4a20ac0', 'paid', '2024-11-14 20:36:26', '2024-11-14 20:36:26');

-- --------------------------------------------------------

--
-- Table structure for table `users`
--

CREATE TABLE `users` (
  `id` bigint(20) UNSIGNED NOT NULL,
  `name` varchar(255) DEFAULT NULL,
  `email` varchar(255) NOT NULL,
  `role` int(11) NOT NULL DEFAULT 0,
  `g2fa` int(11) NOT NULL DEFAULT 0,
  `g2fa_secret` varchar(255) DEFAULT NULL,
  `username` varchar(255) DEFAULT NULL,
  `balance` varchar(255) NOT NULL DEFAULT '0',
  `address` longtext DEFAULT NULL,
  `city` varchar(255) DEFAULT NULL,
  `state` varchar(255) DEFAULT NULL,
  `country` varchar(255) DEFAULT NULL,
  `photo` varchar(255) NOT NULL DEFAULT 'user.png',
  `gender` varchar(255) DEFAULT NULL,
  `phone` varchar(255) DEFAULT NULL,
  `dob` varchar(255) DEFAULT NULL,
  `password` varchar(255) NOT NULL,
  `email_verified_at` timestamp NULL DEFAULT NULL,
  `kyc_verified_at` varchar(255) DEFAULT NULL,
  `referred_by` varchar(255) DEFAULT NULL,
  `remember_token` varchar(100) DEFAULT NULL,
  `status` varchar(255) NOT NULL DEFAULT '1',
  `created_at` timestamp NULL DEFAULT NULL,
  `updated_at` timestamp NULL DEFAULT NULL
) ENGINE=InnoDB DEFAULT CHARSET=utf8mb4 COLLATE=utf8mb4_unicode_ci;

--
-- Dumping data for table `users`
--

INSERT INTO `users` (`id`, `name`, `email`, `role`, `g2fa`, `g2fa_secret`, `username`, `balance`, `address`, `city`, `state`, `country`, `photo`, `gender`, `phone`, `dob`, `password`, `email_verified_at`, `kyc_verified_at`, `referred_by`, `remember_token`, `status`, `created_at`, `updated_at`) VALUES
(8, NULL, 'echelebochibuike@gmail.com', 0, 0, NULL, NULL, '10000', NULL, NULL, NULL, NULL, 'user.png', NULL, NULL, NULL, '$2y$10$70RCiy91Gnqg2E3SQanghe68Zxdz4RRHcRL1PsFaJodP0eFBh7IwC', '2024-04-27 07:12:09', NULL, NULL, NULL, '1', '2024-04-27 07:12:09', '2024-11-09 00:38:27'),
(11, 'Brain John', 'Captainbrainjohn@gmail.com', 0, 0, 'VX2IJF4FIW5Q4WOW', 'Captain', '70000', 'Kabul', 'Afghanistan', 'Brooklyn', 'Afghanistan', 'user.png', 'male', '19122739812', '1974-09-26', '$2y$10$ldbnh9PZGtav5qEoGrTHseUl5pOsqDTwSg1r7opkQWgN91BTBo3pG', '2024-05-03 07:43:53', NULL, NULL, NULL, '1', '2024-05-03 07:43:54', '2024-05-03 08:10:37'),
(12, 'bam kyle', 'tb782505@gmail.com', 0, 0, 'LSGB6HCUPH6AR7P5', 'Daryl 1982', '3030000', 'Maryland', 'Maryland', 'US', 'United States of America', 'user.png', 'male', 'Haowjebe', '2024-05-06', '$2y$10$1OfZcVLcuDmR9imOQ99fmuFC6KrIuB0Q67CSSMSRcriaQ7i3uv.bK', '2024-05-20 06:15:25', NULL, NULL, NULL, '1', '2024-05-20 06:15:25', '2024-11-09 00:36:41'),
(13, NULL, 'donaldliech918@gmail.com', 0, 0, 'BJBV4ZTRGNR33RAT', NULL, '2000', NULL, NULL, NULL, NULL, '4fAetns94ZHypGe6aaolAjkr5mnJCf8EacisVQ3F.jpg', NULL, NULL, NULL, '$2y$10$q0vdl3H.znq2eTYl8xv48elPJD1dT5448T7FdMQFDU1GGdLMn4.Ia', '2024-05-28 01:23:37', NULL, NULL, NULL, '1', '2024-05-28 01:23:37', '2024-11-14 20:36:26'),
(14, 'Kyle Gerhold', 'swissair43d@gmail.com', 0, 0, 'Y535ZF4QAYL53BI3', 'Jordan Pet', '3699273', '15 Blvd, Toronto, Ontario', 'Toronto', 'Ontario', 'Canada', 'HlJ4jMMmkQcsbNDPGTomvYIFZFrifRS3zgixc6of.jpg', 'male', '+1 (689) 278-2123', '1970-06-22', '$2y$10$Zl/NcTJ5fIYyHFtRD05oCOWjY5ZzUKT.FBo2No4GKMNUXqDcvugDS', '2024-06-22 17:04:44', NULL, NULL, NULL, '1', '2024-06-22 17:04:44', '2024-10-16 00:00:05'),
(15, NULL, 'brightigbinedion91@gmail.com', 0, 0, 'MRX2ZPNMQBRAHXTI', NULL, '0', NULL, NULL, NULL, NULL, 'user.png', NULL, NULL, NULL, '$2y$10$RdNY4qek0BY8/Jxg2IJgvuBt365L48t3gyRvm72I8uolZPpPbGEbu', '2024-07-02 20:07:07', NULL, NULL, NULL, '1', '2024-07-02 20:07:07', '2024-07-02 20:07:46'),
(16, 'khmnim -1513', 'reymondenzok@gmail.com', 0, 0, '5R6ADZ4IMKDXFAKS', 'Enzok', '914173.8', 'Lynnville Ave', 'Charlotte', 'North Carolina', 'United States of America', 'SvWSUaAwYVixhm8VHynekaBau0OCWuMcdaZldqIN.jpg', 'male', 'Dryhbo', '2024-03-20', '$2y$10$1ocp7FIsZLykpd/ZGqvDgOi3Kyblsb8CmtI8e.DVzt/5fXrEHNT8W', '2024-07-19 18:14:52', NULL, NULL, NULL, '1', '2024-07-19 18:14:52', '2024-08-02 13:38:03');

-- --------------------------------------------------------

--
-- Table structure for table `withdrawals`
--

CREATE TABLE `withdrawals` (
  `id` bigint(20) UNSIGNED NOT NULL,
  `user_id` bigint(20) UNSIGNED NOT NULL,
  `deposit_coin_id` bigint(20) UNSIGNED NOT NULL,
  `wallet_address` varchar(255) NOT NULL,
  `amount` varchar(255) NOT NULL,
  `converted_amount` varchar(255) NOT NULL,
  `fee` varchar(255) NOT NULL,
  `status` varchar(255) NOT NULL DEFAULT 'pending',
  `type` varchar(255) NOT NULL DEFAULT 'manual',
  `ref` varchar(255) NOT NULL,
  `created_at` timestamp NULL DEFAULT NULL,
  `updated_at` timestamp NULL DEFAULT NULL
) ENGINE=InnoDB DEFAULT CHARSET=utf8mb4 COLLATE=utf8mb4_unicode_ci;

--
-- Indexes for dumped tables
--

--
-- Indexes for table `admins`
--
ALTER TABLE `admins`
  ADD PRIMARY KEY (`id`);

--
-- Indexes for table `auto_wallets`
--
ALTER TABLE `auto_wallets`
  ADD PRIMARY KEY (`id`),
  ADD KEY `auto_wallets_user_id_foreign` (`user_id`),
  ADD KEY `auto_wallets_deposit_coin_id_foreign` (`deposit_coin_id`);

--
-- Indexes for table `bots`
--
ALTER TABLE `bots`
  ADD PRIMARY KEY (`id`);

--
-- Indexes for table `bot_activations`
--
ALTER TABLE `bot_activations`
  ADD PRIMARY KEY (`id`),
  ADD KEY `bot_activations_user_id_foreign` (`user_id`),
  ADD KEY `bot_activations_bot_id_foreign` (`bot_id`);

--
-- Indexes for table `bot_histories`
--
ALTER TABLE `bot_histories`
  ADD PRIMARY KEY (`id`),
  ADD KEY `bot_histories_user_id_foreign` (`user_id`),
  ADD KEY `bot_histories_bot_id_foreign` (`bot_id`),
  ADD KEY `bot_histories_bot_activation_id_foreign` (`bot_activation_id`);

--
-- Indexes for table `cron_jobs`
--
ALTER TABLE `cron_jobs`
  ADD PRIMARY KEY (`id`);

--
-- Indexes for table `deposits`
--
ALTER TABLE `deposits`
  ADD PRIMARY KEY (`id`),
  ADD KEY `deposits_user_id_foreign` (`user_id`),
  ADD KEY `deposits_deposit_coin_id_foreign` (`deposit_coin_id`);

--
-- Indexes for table `deposit_coins`
--
ALTER TABLE `deposit_coins`
  ADD PRIMARY KEY (`id`);

--
-- Indexes for table `failed_jobs`
--
ALTER TABLE `failed_jobs`
  ADD PRIMARY KEY (`id`),
  ADD UNIQUE KEY `failed_jobs_uuid_unique` (`uuid`);

--
-- Indexes for table `initiates`
--
ALTER TABLE `initiates`
  ADD PRIMARY KEY (`id`);

--
-- Indexes for table `jobs`
--
ALTER TABLE `jobs`
  ADD PRIMARY KEY (`id`),
  ADD KEY `jobs_queue_index` (`queue`);

--
-- Indexes for table `kyc_records`
--
ALTER TABLE `kyc_records`
  ADD PRIMARY KEY (`id`),
  ADD KEY `kyc_records_user_id_foreign` (`user_id`);

--
-- Indexes for table `migrations`
--
ALTER TABLE `migrations`
  ADD PRIMARY KEY (`id`);

--
-- Indexes for table `p2ps`
--
ALTER TABLE `p2ps`
  ADD PRIMARY KEY (`id`);

--
-- Indexes for table `pages`
--
ALTER TABLE `pages`
  ADD PRIMARY KEY (`id`),
  ADD UNIQUE KEY `pages_slug_unique` (`slug`);

--
-- Indexes for table `password_reset_tokens`
--
ALTER TABLE `password_reset_tokens`
  ADD PRIMARY KEY (`email`);

--
-- Indexes for table `personal_access_tokens`
--
ALTER TABLE `personal_access_tokens`
  ADD PRIMARY KEY (`id`),
  ADD UNIQUE KEY `personal_access_tokens_token_unique` (`token`),
  ADD KEY `personal_access_tokens_tokenable_type_tokenable_id_index` (`tokenable_type`,`tokenable_id`);

--
-- Indexes for table `settings`
--
ALTER TABLE `settings`
  ADD PRIMARY KEY (`id`);

--
-- Indexes for table `transactions`
--
ALTER TABLE `transactions`
  ADD PRIMARY KEY (`id`),
  ADD KEY `transactions_user_id_foreign` (`user_id`);

--
-- Indexes for table `users`
--
ALTER TABLE `users`
  ADD PRIMARY KEY (`id`),
  ADD UNIQUE KEY `users_email_unique` (`email`),
  ADD UNIQUE KEY `users_username_unique` (`username`);

--
-- Indexes for table `withdrawals`
--
ALTER TABLE `withdrawals`
  ADD PRIMARY KEY (`id`),
  ADD KEY `withdrawals_user_id_foreign` (`user_id`),
  ADD KEY `withdrawals_deposit_coin_id_foreign` (`deposit_coin_id`);

--
-- AUTO_INCREMENT for dumped tables
--

--
-- AUTO_INCREMENT for table `admins`
--
ALTER TABLE `admins`
  MODIFY `id` bigint(20) UNSIGNED NOT NULL AUTO_INCREMENT, AUTO_INCREMENT=2;

--
-- AUTO_INCREMENT for table `auto_wallets`
--
ALTER TABLE `auto_wallets`
  MODIFY `id` bigint(20) UNSIGNED NOT NULL AUTO_INCREMENT;

--
-- AUTO_INCREMENT for table `bots`
--
ALTER TABLE `bots`
  MODIFY `id` bigint(20) UNSIGNED NOT NULL AUTO_INCREMENT, AUTO_INCREMENT=6;

--
-- AUTO_INCREMENT for table `bot_activations`
--
ALTER TABLE `bot_activations`
  MODIFY `id` bigint(20) UNSIGNED NOT NULL AUTO_INCREMENT, AUTO_INCREMENT=15;

--
-- AUTO_INCREMENT for table `bot_histories`
--
ALTER TABLE `bot_histories`
  MODIFY `id` bigint(20) UNSIGNED NOT NULL AUTO_INCREMENT, AUTO_INCREMENT=333;

--
-- AUTO_INCREMENT for table `cron_jobs`
--
ALTER TABLE `cron_jobs`
  MODIFY `id` bigint(20) UNSIGNED NOT NULL AUTO_INCREMENT, AUTO_INCREMENT=5;

--
-- AUTO_INCREMENT for table `deposits`
--
ALTER TABLE `deposits`
  MODIFY `id` bigint(20) UNSIGNED NOT NULL AUTO_INCREMENT, AUTO_INCREMENT=29;

--
-- AUTO_INCREMENT for table `deposit_coins`
--
ALTER TABLE `deposit_coins`
  MODIFY `id` bigint(20) UNSIGNED NOT NULL AUTO_INCREMENT, AUTO_INCREMENT=254;

--
-- AUTO_INCREMENT for table `failed_jobs`
--
ALTER TABLE `failed_jobs`
  MODIFY `id` bigint(20) UNSIGNED NOT NULL AUTO_INCREMENT;

--
-- AUTO_INCREMENT for table `initiates`
--
ALTER TABLE `initiates`
  MODIFY `id` int(11) NOT NULL AUTO_INCREMENT, AUTO_INCREMENT=4;

--
-- AUTO_INCREMENT for table `jobs`
--
ALTER TABLE `jobs`
  MODIFY `id` bigint(20) UNSIGNED NOT NULL AUTO_INCREMENT;

--
-- AUTO_INCREMENT for table `kyc_records`
--
ALTER TABLE `kyc_records`
  MODIFY `id` bigint(20) UNSIGNED NOT NULL AUTO_INCREMENT;

--
-- AUTO_INCREMENT for table `migrations`
--
ALTER TABLE `migrations`
  MODIFY `id` int(10) UNSIGNED NOT NULL AUTO_INCREMENT, AUTO_INCREMENT=76;

--
-- AUTO_INCREMENT for table `p2ps`
--
ALTER TABLE `p2ps`
  MODIFY `id` bigint(20) UNSIGNED NOT NULL AUTO_INCREMENT;

--
-- AUTO_INCREMENT for table `pages`
--
ALTER TABLE `pages`
  MODIFY `id` bigint(20) UNSIGNED NOT NULL AUTO_INCREMENT, AUTO_INCREMENT=3;

--
-- AUTO_INCREMENT for table `personal_access_tokens`
--
ALTER TABLE `personal_access_tokens`
  MODIFY `id` bigint(20) UNSIGNED NOT NULL AUTO_INCREMENT;

--
-- AUTO_INCREMENT for table `settings`
--
ALTER TABLE `settings`
  MODIFY `id` bigint(20) UNSIGNED NOT NULL AUTO_INCREMENT, AUTO_INCREMENT=56;

--
-- AUTO_INCREMENT for table `transactions`
--
ALTER TABLE `transactions`
  MODIFY `id` bigint(20) UNSIGNED NOT NULL AUTO_INCREMENT, AUTO_INCREMENT=865;

--
-- AUTO_INCREMENT for table `users`
--
ALTER TABLE `users`
  MODIFY `id` bigint(20) UNSIGNED NOT NULL AUTO_INCREMENT, AUTO_INCREMENT=17;

--
-- AUTO_INCREMENT for table `withdrawals`
--
ALTER TABLE `withdrawals`
  MODIFY `id` bigint(20) UNSIGNED NOT NULL AUTO_INCREMENT, AUTO_INCREMENT=10;

--
-- Constraints for dumped tables
--

--
-- Constraints for table `auto_wallets`
--
ALTER TABLE `auto_wallets`
  ADD CONSTRAINT `auto_wallets_deposit_coin_id_foreign` FOREIGN KEY (`deposit_coin_id`) REFERENCES `deposit_coins` (`id`) ON DELETE CASCADE,
  ADD CONSTRAINT `auto_wallets_user_id_foreign` FOREIGN KEY (`user_id`) REFERENCES `users` (`id`) ON DELETE CASCADE;

--
-- Constraints for table `bot_activations`
--
ALTER TABLE `bot_activations`
  ADD CONSTRAINT `bot_activations_bot_id_foreign` FOREIGN KEY (`bot_id`) REFERENCES `bots` (`id`) ON DELETE CASCADE,
  ADD CONSTRAINT `bot_activations_user_id_foreign` FOREIGN KEY (`user_id`) REFERENCES `users` (`id`) ON DELETE CASCADE;

--
-- Constraints for table `bot_histories`
--
ALTER TABLE `bot_histories`
  ADD CONSTRAINT `bot_histories_bot_activation_id_foreign` FOREIGN KEY (`bot_activation_id`) REFERENCES `bot_activations` (`id`) ON DELETE CASCADE,
  ADD CONSTRAINT `bot_histories_bot_id_foreign` FOREIGN KEY (`bot_id`) REFERENCES `bots` (`id`) ON DELETE CASCADE,
  ADD CONSTRAINT `bot_histories_user_id_foreign` FOREIGN KEY (`user_id`) REFERENCES `users` (`id`) ON DELETE CASCADE;

--
-- Constraints for table `deposits`
--
ALTER TABLE `deposits`
  ADD CONSTRAINT `deposits_deposit_coin_id_foreign` FOREIGN KEY (`deposit_coin_id`) REFERENCES `deposit_coins` (`id`) ON DELETE CASCADE,
  ADD CONSTRAINT `deposits_user_id_foreign` FOREIGN KEY (`user_id`) REFERENCES `users` (`id`) ON DELETE CASCADE;

--
-- Constraints for table `kyc_records`
--
ALTER TABLE `kyc_records`
  ADD CONSTRAINT `kyc_records_user_id_foreign` FOREIGN KEY (`user_id`) REFERENCES `users` (`id`) ON DELETE CASCADE;

--
-- Constraints for table `transactions`
--
ALTER TABLE `transactions`
  ADD CONSTRAINT `transactions_user_id_foreign` FOREIGN KEY (`user_id`) REFERENCES `users` (`id`) ON DELETE CASCADE;

--
-- Constraints for table `withdrawals`
--
ALTER TABLE `withdrawals`
  ADD CONSTRAINT `withdrawals_deposit_coin_id_foreign` FOREIGN KEY (`deposit_coin_id`) REFERENCES `deposit_coins` (`id`) ON DELETE CASCADE,
  ADD CONSTRAINT `withdrawals_user_id_foreign` FOREIGN KEY (`user_id`) REFERENCES `users` (`id`) ON DELETE CASCADE;
COMMIT;

/*!40101 SET CHARACTER_SET_CLIENT=@OLD_CHARACTER_SET_CLIENT */;
/*!40101 SET CHARACTER_SET_RESULTS=@OLD_CHARACTER_SET_RESULTS */;
/*!40101 SET COLLATION_CONNECTION=@OLD_COLLATION_CONNECTION */;
